ownerType,ownerName,vin,unitNumber,description,make,model,year,trim,licensePlate,licensePlateJurisdiction
INDIVIDUAL,Marie Evans,1C498ZBAT1000050K,00050K,2009 Jeep Grand Cherokee,Jeep,Grand Cherokee,2009,,,
INDIVIDUAL,Angela Freeman,1C4BNLV8JF0000050,000050,2009 Jeep Grand Cherokee,Jeep,Grand Cherokee,2009,,,
INDIVIDUAL,Douglas Stewart,1C4HV97MWC000047U,00047U,2011 Jeep Grand Cherokee,Jeep,Grand Cherokee,2011,,,
INDIVIDUAL,Jose Rivera,1C4JDJ0SM60000420,000420,2018 Jeep Grand Cherokee,Jeep,Grand Cherokee,2018,,,
INDIVIDUAL,Harry Hill,1C4MHG3ANX0000627,000627,2010 Jeep Grand Cherokee,Jeep,Grand Cherokee,2010,,,
INDIVIDUAL,Gloria Turner,1C4N3VZY4D0000441,000441,2011 Jeep Grand Cherokee,Jeep,Grand Cherokee,2011,,,
INDIVIDUAL,Carolyn Mitchell,1C4UP0T0X9000028A,00028A,2010 Jeep Grand Cherokee,Jeep,Grand Cherokee,2010,,,
INDIVIDUAL,Betty Crawford,1C62PC7MXP000067J,00067J,2021 Ram 1500,Ram,1500,2021,,,
INDIVIDUAL,Robert Castillo,1C68G9HL14000004Y,00004Y,2021 Ram 1500,Ram,1500,2021,,,
ORGANIZATION,LKN Propane,1C6PK40EDP000243M,001,2015 Ram 1500,Ram,1500,2015,,,
INDIVIDUAL,Deborah Barnes,1C6ST6116Z000035V,00035V,2022 Ram 1500,Ram,1500,2022,,,
ORGANIZATION,Meck Plumbing,1C6T0CPHS0000150S,001,2020 Ram 1500,Ram,1500,2020,,,
ORGANIZATION,Carolinas Crane,1FD58TYH6N000233Y,001,2021 Ford F-550 Flatbed,Ford,F-550 Flatbed,2021,,,
ORGANIZATION,Carolinas Crane,1FDCNNELNJ000231Z,002,2015 Ford F-550 Flatbed,Ford,F-550 Flatbed,2015,,,
ORGANIZATION,Carolina Power,1FDLY2H7840001781,001,2019 Ford F-750 Bucket,Ford,F-750 Bucket,2019,,,
ORGANIZATION,Blue Ridge Landscaping,1FDRV7SC2N0001299,001,2017 Ford F-550 Flatbed,Ford,F-550 Flatbed,2017,,,
ORGANIZATION,Meck Tree,1FDTZU7N6Y000314Z,001,2018 Ford F-750 Chipper,Ford,F-750 Chipper,2018,,,
ORGANIZATION,Carolina Power,1FDVP7MNF5000183T,002,2012 Ford F-750 Bucket,Ford,F-750 Bucket,2012,,,
INDIVIDUAL,Steven Gardner,1FM71L46KT000024Y,00024Y,2017 Ford Explorer,Ford,Explorer,2017,,,
INDIVIDUAL,Anthony Bryant,1FMBUWXPB9000022Y,00022Y,2009 Ford Explorer,Ford,Explorer,2009,,,
INDIVIDUAL,Derek Washington,1FMP87S5VW000007J,00007J,2017 Ford Explorer,Ford,Explorer,2017,,,
ORGANIZATION,Union Grading,1FT16B7K09000291W,001,2016 Ford F-350 Super Duty,Ford,F-350 Super Duty,2016,,,
ORGANIZATION,Tarheel Logistics,1FT2D18TW1000133H,001,2020 Ford F-150,Ford,F-150,2020,,,
ORGANIZATION,Rowan Road Services,1FT3E1B7EJ000255A,001,2015 Ford F-150,Ford,F-150,2015,,,
ORGANIZATION,LKN Propane,1FT3MDVPSH000235Y,002,2023 Ford F-250 Super Duty,Ford,F-250 Super Duty,2023,,,
ORGANIZATION,Meck Plumbing,1FT3X9MWL90001485,002,2015 Ford Transit 250,Ford,Transit 250,2015,,,
ORGANIZATION,Cabarrus Cleaning,1FT4FKNTUX000206T,001,2020 Ford Transit 250,Ford,Transit 250,2020,,,
ORGANIZATION,Tarheel Logistics,1FT4K0FURZ0001440,002,2012 Ford F-150,Ford,F-150,2012,,,
ORGANIZATION,Piedmont Freight,1FT6H2JHF30000856,001,2023 Ford F-150,Ford,F-150,2023,,,
ORGANIZATION,Blue Stone Aggregate,1FT7E20DDU0001942,001,2012 Ford F-350 Super Duty,Ford,F-350 Super Duty,2012,,,
ORGANIZATION,Piedmont Ready Mix,1FT89D3E060001660,001,2015 Ford F-350 Super Duty,Ford,F-350 Super Duty,2015,,,
ORGANIZATION,SE Delivery,1FT94HT6A10002085,001,2020 Ford Transit 250,Ford,Transit 250,2020,,,
ORGANIZATION,Cabarrus Cleaning,1FTAE9V4XJ000199V,002,2016 Ford F-150,Ford,F-150,2016,,,
ORGANIZATION,Carolina Power,1FTCZ0K3230001755,003,2013 Ford F-350 Super Duty,Ford,F-350 Super Duty,2013,,,
ORGANIZATION,Carolina Power,1FTE3W4PPN0001764,004,2020 Ford Transit 250,Ford,Transit 250,2020,,,
ORGANIZATION,QC Waste,1FTFM62J1Z000103T,001,2024 Ford F-150,Ford,F-150,2024,,,
ORGANIZATION,Piedmont Metals,1FTFN4X3UW000273Z,001,2023 Ford F-350 Super Duty,Ford,F-350 Super Duty,2023,,,
ORGANIZATION,QC Waste,1FTFRY3LLU000102V,002,2013 Ford F-350 Super Duty,Ford,F-350 Super Duty,2013,,,
ORGANIZATION,Piedmont Freight,1FTJRR84EP000076L,002,2017 Ford F-150,Ford,F-150,2017,,,
ORGANIZATION,Blue Ridge Landscaping,1FTKC6YADH0001257,002,2021 Ford F-250 Super Duty,Ford,F-250 Super Duty,2021,,,
ORGANIZATION,QC Waste,1FTKFH431T000117J,003,2012 Ford F-350 Super Duty,Ford,F-350 Super Duty,2012,,,
ORGANIZATION,Meck Plumbing,1FTKSL5A240001470,003,2015 Ford Transit 250,Ford,Transit 250,2015,,,
INDIVIDUAL,Raymond Bailey,1FTMM7HZW8000040P,00040P,2015 Ford F-150,Ford,F-150,2015,,,
ORGANIZATION,Carolina Concrete,1FTSXAA1J1000099Z,001,2021 Ford F-350 Super Duty,Ford,F-350 Super Duty,2021,,,
ORGANIZATION,Blue Stone Aggregate,1FTT4MB19R000196L,002,2023 Ford F-150,Ford,F-150,2023,,,
INDIVIDUAL,Gloria Turner,1FTTKNS7S30000451,000451,2016 Ford F-150,Ford,F-150,2016,,,
INDIVIDUAL,Walter Hughes,1FTVHFAJ8M000032R,00032R,2009 Ford F-150,Ford,F-150,2009,,,
INDIVIDUAL,Wanda Sanchez,1FTW8C71FT000053J,00053J,2016 Ford F-150,Ford,F-150,2016,,,
ORGANIZATION,Carolina Power,1FTY111M62000172R,005,2013 Ford Transit 250,Ford,Transit 250,2013,,,
ORGANIZATION,SE Delivery,1FTY1BA7GX000217C,002,2022 Ford Transit 250,Ford,Transit 250,2022,,,
ORGANIZATION,Piedmont Metals,1FUKHPGBTG000284C,002,2012 Freightliner Cascadia,Freightliner,Cascadia,2012,,,
ORGANIZATION,Tarheel Logistics,1FUS14YYF70001436,003,2013 Freightliner Cascadia,Freightliner,Cascadia,2013,,,
ORGANIZATION,Meck Tree,1G11PJBEV4000313M,002,2012 Chevrolet Malibu,Chevrolet,Malibu,2012,,,
INDIVIDUAL,Patricia Simmons,1G15RCX4X4000008Y,00008Y,2014 Chevrolet Malibu,Chevrolet,Malibu,2014,,,
INDIVIDUAL,Cheryl Hawkins,1G1C90W8820000173,000173,2019 Chevrolet Malibu,Chevrolet,Malibu,2019,,,
INDIVIDUAL,Brenda Coleman,1G1CXGU922000023X,00023X,2009 Chevrolet Malibu,Chevrolet,Malibu,2009,,,
ORGANIZATION,Highland Moving,1G1MJAFKW80003234,001,2016 Chevrolet Malibu,Chevrolet,Malibu,2016,,,
INDIVIDUAL,James Caldwell,1G1MM2N6CR0000135,000135,2010 Chevrolet Malibu,Chevrolet,Malibu,2010,,,
INDIVIDUAL,Michael Owens,1G1UVRB033000015P,00015P,2023 Chevrolet Malibu,Chevrolet,Malibu,2023,,,
INDIVIDUAL,Doris Wood,1G1V3XU72T000064W,00064W,2021 Chevrolet Malibu,Chevrolet,Malibu,2021,,,
ORGANIZATION,Meck Plumbing,1GC0ZN0K62000152R,004,2017 Chevrolet Express 2500,Chevrolet,Express 2500,2017,,,
ORGANIZATION,SE Delivery,1GC2FF139T000211A,003,2015 Chevrolet Express 2500,Chevrolet,Express 2500,2015,,,
ORGANIZATION,Piedmont Ready Mix,1GC2TDZ6YB0001620,002,2014 Chevrolet Silverado 1500,Chevrolet,Silverado 1500,2014,,,
INDIVIDUAL,Timothy Dixon,1GC3ZJ4K6W000029Y,00029Y,2014 Chevrolet Silverado 1500,Chevrolet,Silverado 1500,2014,,,
INDIVIDUAL,Sandra Reeves,1GC4P07YAZ000030M,00030M,2022 Chevrolet Silverado 1500,Chevrolet,Silverado 1500,2022,,,
ORGANIZATION,Piedmont Metals,1GC6XH1NL1000277G,003,2015 Chevrolet Silverado 1500,Chevrolet,Silverado 1500,2015,,,
INDIVIDUAL,Gary Alexander,1GC7K2SWVA000026C,00026C,2018 Chevrolet Silverado 1500,Chevrolet,Silverado 1500,2018,,,
ORGANIZATION,Tarheel Logistics,1GC9L4Z11V000134Y,004,2015 Chevrolet Silverado 1500,Chevrolet,Silverado 1500,2015,,,
ORGANIZATION,Blue Stone Aggregate,1GCAGP2SFR0001854,003,2012 Chevrolet Silverado 1500,Chevrolet,Silverado 1500,2012,,,
ORGANIZATION,Blue Ridge Landscaping,1GCD1HP31H0001214,003,2018 Chevrolet Silverado 2500HD,Chevrolet,Silverado 2500HD,2018,,,
ORGANIZATION,Piedmont Freight,1GCDR8DXWB000083F,003,2023 Chevrolet Silverado 1500,Chevrolet,Silverado 1500,2023,,,
ORGANIZATION,Carolinas Crane,1GCE1JLS1K000232W,003,2013 Chevrolet Silverado 1500,Chevrolet,Silverado 1500,2013,,,
ORGANIZATION,Carolina Fresh,1GCGR9WJ3D000267G,001,2024 Chevrolet Silverado 1500,Chevrolet,Silverado 1500,2024,,,
ORGANIZATION,Rowan Road Services,1GCGRXRJF80002483,002,2020 Chevrolet Silverado 2500HD,Chevrolet,Silverado 2500HD,2020,,,
INDIVIDUAL,Jennifer Holloway,1GCGVRFVFT000003M,00003M,2018 Chevrolet Silverado 1500,Chevrolet,Silverado 1500,2018,,,
ORGANIZATION,SE Delivery,1GCHLCKY260002141,004,2020 Chevrolet Express 2500,Chevrolet,Express 2500,2020,,,
ORGANIZATION,SE Delivery,1GCJHT4NEZ000223Z,005,2018 Chevrolet Express 2500,Chevrolet,Express 2500,2018,,,
ORGANIZATION,Piedmont Ready Mix,1GCJZT7GZF000169N,003,2018 Chevrolet Silverado 2500HD,Chevrolet,Silverado 2500HD,2018,,,
ORGANIZATION,Meck Plumbing,1GCKDECNDL000154K,005,2016 Chevrolet Silverado 1500,Chevrolet,Silverado 1500,2016,,,
INDIVIDUAL,Betty Crawford,1GCL4X0UTA000066B,00066B,2016 Chevrolet Silverado 1500,Chevrolet,Silverado 1500,2016,,,
ORGANIZATION,Union Grading,1GCLFTU06Z000285P,002,2018 Chevrolet Silverado 1500,Chevrolet,Silverado 1500,2018,,,
INDIVIDUAL,Ronald Jenkins,1GCMNN236U0000180,000180,2017 Chevrolet Silverado 1500,Chevrolet,Silverado 1500,2017,,,
INDIVIDUAL,Doris Wood,1GCNGUBAM10000630,000630,2017 Chevrolet Silverado 1500,Chevrolet,Silverado 1500,2017,,,
INDIVIDUAL,Marcus Patterson,1GCR5XW2HA000001K,00001K,2015 Chevrolet Silverado 1500,Chevrolet,Silverado 1500,2015,,,
ORGANIZATION,Piedmont Metals,1GCTE2T380000278A,004,2021 Chevrolet Silverado 1500,Chevrolet,Silverado 1500,2021,,,
ORGANIZATION,QC Waste,1GCUGT4YYE000113B,004,2018 Chevrolet Silverado 2500HD,Chevrolet,Silverado 2500HD,2018,,,
ORGANIZATION,Meck Tree,1GCW7RBJD8000312U,003,2016 Chevrolet Silverado 1500,Chevrolet,Silverado 1500,2016,,,
ORGANIZATION,Carolina Fresh,1GCZ5BG7TD0002727,002,2015 Chevrolet Silverado 1500,Chevrolet,Silverado 1500,2015,,,
ORGANIZATION,Blue Ridge Landscaping,1GCZ96G40C000118F,004,2022 Chevrolet Silverado 1500,Chevrolet,Silverado 1500,2022,,,
ORGANIZATION,Cabarrus Cleaning,1GCZP77JEZ000203A,003,2024 Chevrolet Express 2500,Chevrolet,Express 2500,2024,,,
INDIVIDUAL,Pamela Lewis,1GN2BSTRZW000033K,00033K,2010 Chevrolet Tahoe,Chevrolet,Tahoe,2010,,,
ORGANIZATION,Carolina Concrete,1GT8LNJTGD000088R,002,2024 GMC Sierra 3500HD,GMC,Sierra 3500HD,2024,,,
ORGANIZATION,Rowan Road Services,1GTJ3XPKG4000245Z,003,2023 GMC Sierra 3500HD,GMC,Sierra 3500HD,2023,,,
ORGANIZATION,Carolina Septic,1GTSZTT18C000306C,001,2018 GMC Sierra 3500HD,GMC,Sierra 3500HD,2018,,,
ORGANIZATION,Carolina Power,1GTZA156YH000173X,006,2012 GMC Sierra 3500HD,GMC,Sierra 3500HD,2012,,,
INDIVIDUAL,Ronald Jenkins,1HG9SZVHGY000019W,00019W,2022 Honda Accord,Honda,Accord,2022,,,
ORGANIZATION,Piedmont Freight,1HGEDYLES70000860,004,2020 Honda Accord,Honda,Accord,2020,,,
ORGANIZATION,Carolina Power,1HT2V298DK000181J,007,2023 International 4300 Bucket,International,4300 Bucket,2023,,,
ORGANIZATION,Meck Tree,1HT5LG8570000308V,004,2015 International Durastar Chipper,International,Durastar Chipper,2015,,,
ORGANIZATION,Carolina Power,1HTSU99ZAB0001802,008,2019 International 4300 Bucket,International,4300 Bucket,2019,,,
ORGANIZATION,Highland Moving,1M10JNJ32V000321A,002,2017 Mack Anthem,Mack,Anthem,2017,,,
ORGANIZATION,Piedmont Metals,1M14JXA04N0002828,005,2018 Mack Anthem,Mack,Anthem,2018,,,
ORGANIZATION,Tarheel Logistics,1M14YWD5DW000131Y,005,2021 Mack Anthem,Mack,Anthem,2021,,,
ORGANIZATION,Piedmont Freight,1M15PUHSTF000084B,005,2012 Mack Anthem,Mack,Anthem,2012,,,
ORGANIZATION,Tarheel Logistics,1M1E8KH5TM0001303,006,2012 Mack Anthem,Mack,Anthem,2012,,,
ORGANIZATION,Tarheel Logistics,1M1MDLUL790001391,007,2018 Mack Anthem,Mack,Anthem,2018,,,
ORGANIZATION,Carolina Fresh,1M1PWEP5KE0002707,003,2019 Mack Anthem,Mack,Anthem,2019,,,
ORGANIZATION,Tarheel Logistics,1M1WFYWGGZ0001356,008,2020 Mack Anthem,Mack,Anthem,2020,,,
ORGANIZATION,Piedmont Ready Mix,1M21AHB1HP0001675,004,2018 Mack TerraPro Mixer,Mack,TerraPro Mixer,2018,,,
ORGANIZATION,QC Waste,1M222WNXGM000115F,005,2016 Mack LR Refuse,Mack,LR Refuse,2016,,,
ORGANIZATION,Rowan Road Services,1M22D148EJ0002463,004,2016 Mack Granite Dump,Mack,Granite Dump,2016,,,
ORGANIZATION,QC Waste,1M26BWX1XG0001169,006,2014 Mack Granite Dump,Mack,Granite Dump,2014,,,
ORGANIZATION,Union Grading,1M29FZAX9J0002969,003,2015 Mack Granite Heavy Haul,Mack,Granite Heavy Haul,2015,,,
ORGANIZATION,Piedmont Ready Mix,1M2A23H9B20001612,005,2016 Mack TerraPro Mixer,Mack,TerraPro Mixer,2016,,,
ORGANIZATION,Piedmont Ready Mix,1M2BUF6RU30001716,006,2022 Mack Granite Dump,Mack,Granite Dump,2022,,,
ORGANIZATION,Piedmont Ready Mix,1M2F29S3J0000159X,007,2017 Mack Granite Dump,Mack,Granite Dump,2017,,,
ORGANIZATION,Piedmont Ready Mix,1M2FLZ5PJG0001631,008,2020 Mack TerraPro Mixer,Mack,TerraPro Mixer,2020,,,
ORGANIZATION,Piedmont Ready Mix,1M2G4ZD2WC000157W,009,2016 Mack TerraPro Mixer,Mack,TerraPro Mixer,2016,,,
ORGANIZATION,Piedmont Ready Mix,1M2JGNZZ6E0001641,010,2018 Mack TerraPro Mixer,Mack,TerraPro Mixer,2018,,,
ORGANIZATION,Blue Stone Aggregate,1M2LEL6VEM000186V,004,2018 Mack Granite Dump,Mack,Granite Dump,2018,,,
ORGANIZATION,Union Grading,1M2XFKRG910002926,004,2023 Mack Granite Dump,Mack,Granite Dump,2023,,,
ORGANIZATION,Union Grading,1M2YM4HMY0000293X,005,2018 Mack Granite Heavy Haul,Mack,Granite Heavy Haul,2018,,,
ORGANIZATION,SE Delivery,1N43D0R3AN000222V,006,2013 Nissan Altima,Nissan,Altima,2013,,,
ORGANIZATION,Blue Ridge Landscaping,1N44HWC55K0001201,005,2023 Nissan Altima,Nissan,Altima,2023,,,
ORGANIZATION,SE Delivery,1N44WHGVH5000218L,007,2018 Nissan Altima,Nissan,Altima,2018,,,
INDIVIDUAL,Deborah Barnes,1N48X7RCPM0000363,000363,2013 Nissan Altima,Nissan,Altima,2013,,,
INDIVIDUAL,Kevin Thornton,1N494K7R18000010U,00010U,2011 Nissan Altima,Nissan,Altima,2011,,,
INDIVIDUAL,Marcus Patterson,1N4EXD0S32000002S,00002S,2023 Nissan Altima,Nissan,Altima,2023,,,
INDIVIDUAL,Carl Price,1N4KHAUZYA0000563,000563,2018 Nissan Altima,Nissan,Altima,2018,,,
ORGANIZATION,Carolina Concrete,1N4RYBYMJJ000095H,003,2013 Nissan Altima,Nissan,Altima,2013,,,
INDIVIDUAL,Sharon Powell,1N4UAJ5ZY0000039J,00039J,2015 Nissan Altima,Nissan,Altima,2015,,,
INDIVIDUAL,Virginia Henderson,1N4X2X13RX000060G,00060G,2019 Nissan Altima,Nissan,Altima,2019,,,
INDIVIDUAL,Sandra Reeves,1N4ZAUB3HY0000315,000315,2018 Nissan Altima,Nissan,Altima,2018,,,
ORGANIZATION,Carolinas Crane,1XK0YZ2SYY000227K,004,2012 Kenworth W990 Heavy Haul,Kenworth,W990 Heavy Haul,2012,,,
ORGANIZATION,LKN Propane,1XK25MVPS90002411,003,2024 Kenworth T880 Tanker,Kenworth,T880 Tanker,2024,,,
ORGANIZATION,Union Grading,1XK5URTBWN000288C,006,2020 Kenworth T880 Dump,Kenworth,T880 Dump,2020,,,
ORGANIZATION,Piedmont Metals,1XK81BAJ6E000283A,006,2013 Kenworth T680,Kenworth,T680,2013,,,
ORGANIZATION,Rowan Road Services,1XKL9LBL62000249L,005,2024 Kenworth T880 Dump,Kenworth,T880 Dump,2024,,,
ORGANIZATION,LKN Propane,1XKLE1VD2G0002445,004,2024 Kenworth T880 Tanker,Kenworth,T880 Tanker,2024,,,
ORGANIZATION,Piedmont Ready Mix,1XKLRT23WS0001684,011,2013 Kenworth T880 Mixer,Kenworth,T880 Mixer,2013,,,
ORGANIZATION,Piedmont Freight,1XKP2UY7YY000070E,006,2014 Kenworth T680,Kenworth,T680,2014,,,
ORGANIZATION,Carolina Concrete,1XKRA9G208000092F,004,2018 Kenworth T880 Mixer,Kenworth,T880 Mixer,2018,,,
ORGANIZATION,Blue Stone Aggregate,1XKSVJFFPB0001938,005,2014 Kenworth T880 Dump,Kenworth,T880 Dump,2014,,,
ORGANIZATION,Union Grading,1XKVKPUZZF000295K,007,2019 Kenworth T880 Dump,Kenworth,T880 Dump,2019,,,
ORGANIZATION,Carolinas Crane,1XKZ807U0A000229K,005,2018 Kenworth T880 Crane,Kenworth,T880 Crane,2018,,,
ORGANIZATION,Highland Moving,1XP61SBUV0000327C,003,2014 Peterbilt 579,Peterbilt,579,2014,,,
ORGANIZATION,Carolinas Crane,1XP78R1J7C000224V,006,2016 Peterbilt 567 Boom Truck,Peterbilt,567 Boom Truck,2016,,,
ORGANIZATION,Carolina Concrete,1XP8CU867T000101Y,005,2020 Peterbilt 567 Mixer,Peterbilt,567 Mixer,2020,,,
ORGANIZATION,Blue Stone Aggregate,1XP9D0PT34000192S,006,2020 Peterbilt 567 Dump,Peterbilt,567 Dump,2020,,,
ORGANIZATION,Piedmont Ready Mix,1XP9JX5CGV000160A,012,2023 Peterbilt 567 Mixer,Peterbilt,567 Mixer,2023,,,
ORGANIZATION,Carolina Concrete,1XPA6SNWAW0000914,006,2015 Peterbilt 567 Mixer,Peterbilt,567 Mixer,2015,,,
ORGANIZATION,Carolina Septic,1XPB375NJJ000305A,002,2013 Peterbilt 348 Vacuum,Peterbilt,348 Vacuum,2013,,,
ORGANIZATION,LKN Propane,1XPBELPWYY000238Z,005,2019 Peterbilt 348 Tanker,Peterbilt,348 Tanker,2019,,,
ORGANIZATION,Carolina Septic,1XPCMA2L2X0003021,003,2015 Peterbilt 348 Vacuum,Peterbilt,348 Vacuum,2015,,,
ORGANIZATION,Carolina Concrete,1XPCUMG1U1000097R,007,2019 Peterbilt 567 Dump,Peterbilt,567 Dump,2019,,,
ORGANIZATION,Union Grading,1XPDXW2T0J000286F,008,2023 Peterbilt 567 Heavy Haul,Peterbilt,567 Heavy Haul,2023,,,
ORGANIZATION,Piedmont Ready Mix,1XPFH4VM42000165G,013,2017 Peterbilt 567 Dump,Peterbilt,567 Dump,2017,,,
ORGANIZATION,Highland Moving,1XPFTRC98T000328M,004,2021 Peterbilt 579,Peterbilt,579,2021,,,
ORGANIZATION,Union Grading,1XPGTAXDJW000290L,009,2023 Peterbilt 567 Dump,Peterbilt,567 Dump,2023,,,
ORGANIZATION,Carolina Concrete,1XPLCTHFAY000089C,008,2013 Peterbilt 567 Dump,Peterbilt,567 Dump,2013,,,
ORGANIZATION,Carolina Septic,1XPNL1AAJF000301U,004,2024 Peterbilt 348 Vacuum,Peterbilt,348 Vacuum,2024,,,
ORGANIZATION,Piedmont Metals,1XPNXYBHHZ000275W,007,2012 Peterbilt 567 Dump,Peterbilt,567 Dump,2012,,,
ORGANIZATION,Blue Stone Aggregate,1XPPZMFD7E000195R,007,2017 Peterbilt 567 Dump,Peterbilt,567 Dump,2017,,,
ORGANIZATION,Piedmont Metals,1XPR8K8E790002812,008,2012 Peterbilt 579,Peterbilt,579,2012,,,
ORGANIZATION,Rowan Road Services,1XPRNUW7W10002542,006,2015 Peterbilt 567 Dump,Peterbilt,567 Dump,2015,,,
ORGANIZATION,QC Waste,1XPVJ6VSX1000114J,007,2021 Peterbilt 520 Refuse,Peterbilt,520 Refuse,2021,,,
ORGANIZATION,Rowan Road Services,1XPWBG8L07000257X,007,2014 Peterbilt 567 Dump,Peterbilt,567 Dump,2014,,,
ORGANIZATION,Carolina Concrete,1XPX08X6J00000987,009,2019 Peterbilt 567 Mixer,Peterbilt,567 Mixer,2019,,,
ORGANIZATION,Piedmont Freight,1XPXFX6JYS000081P,007,2012 Peterbilt 579,Peterbilt,579,2012,,,
ORGANIZATION,QC Waste,1XPXXKZ4TK000105G,008,2012 Peterbilt 520 Refuse,Peterbilt,520 Refuse,2012,,,
INDIVIDUAL,Anthony Bryant,2T37TC342E000021H,00021H,2014 Toyota RAV4,Toyota,RAV4,2014,,,
INDIVIDUAL,Derek Washington,2T3K03JJ7C0000061,000061,2023 Toyota RAV4,Toyota,RAV4,2023,,,
ORGANIZATION,Blue Ridge Landscaping,3AL1FRMSSA000124S,006,2013 Freightliner M2 106 Flatbed,Freightliner,M2 106 Flatbed,2013,,,
ORGANIZATION,Blue Stone Aggregate,3AL65U2BNA000189E,008,2012 Freightliner 114SD Dump,Freightliner,114SD Dump,2012,,,
ORGANIZATION,Blue Stone Aggregate,3AL6EADX8N000191D,009,2015 Freightliner 114SD Dump,Freightliner,114SD Dump,2015,,,
ORGANIZATION,Piedmont Freight,3AL7A0UVXR000082Z,008,2012 Freightliner M2 106 Flatbed,Freightliner,M2 106 Flatbed,2012,,,
ORGANIZATION,Carolina Septic,3AL8HT4JE5000299W,005,2024 Freightliner 114SD Vacuum,Freightliner,114SD Vacuum,2024,,,
ORGANIZATION,QC Waste,3AL8PNDGPD000112D,009,2018 Freightliner 114SD Dump,Freightliner,114SD Dump,2018,,,
ORGANIZATION,Piedmont Metals,3AL925X26R0002768,009,2013 Freightliner M2 106 Flatbed,Freightliner,M2 106 Flatbed,2013,,,
ORGANIZATION,Carolina Concrete,3AL97MRXKU000090H,010,2023 Freightliner 122SD Mixer,Freightliner,122SD Mixer,2023,,,
ORGANIZATION,QC Waste,3AL9EGCRD2000107S,010,2024 Freightliner 114SD Dump,Freightliner,114SD Dump,2024,,,
ORGANIZATION,Union Grading,3ALD3CHMT6000289D,010,2024 Freightliner 114SD Dump,Freightliner,114SD Dump,2024,,,
ORGANIZATION,Meck Tree,3ALEVCBLJ3000310S,005,2021 Freightliner M2 106 Chipper,Freightliner,M2 106 Chipper,2021,,,
ORGANIZATION,Rowan Road Services,3ALG8HBCLT000251F,008,2016 Freightliner 114SD Dump,Freightliner,114SD Dump,2016,,,
ORGANIZATION,QC Waste,3ALGFTW0HK000106Y,011,2017 Freightliner M2 106 Refuse,Freightliner,M2 106 Refuse,2017,,,
ORGANIZATION,Cabarrus Cleaning,3ALJJ2XEVR000205G,004,2018 Freightliner M2 106 Box,Freightliner,M2 106 Box,2018,,,
ORGANIZATION,Piedmont Metals,3ALL7SKJ2T0002746,010,2022 Freightliner M2 106 Flatbed,Freightliner,M2 106 Flatbed,2022,,,
ORGANIZATION,QC Waste,3ALM3LCW220001089,012,2013 Freightliner M2 106 Refuse,Freightliner,M2 106 Refuse,2013,,,
ORGANIZATION,Carolina Concrete,3ALR9DDE8N0000966,011,2015 Freightliner 114SD Dump,Freightliner,114SD Dump,2015,,,
ORGANIZATION,Piedmont Ready Mix,3ALRV2LTZ2000158X,014,2012 Freightliner 122SD Mixer,Freightliner,122SD Mixer,2012,,,
ORGANIZATION,Blue Ridge Landscaping,3ALTCW4GB3000119Y,007,2022 Freightliner M2 106 Flatbed,Freightliner,M2 106 Flatbed,2022,,,
ORGANIZATION,Meck Tree,3ALU8XKL2P0003094,006,2024 Freightliner M2 106 Chipper,Freightliner,M2 106 Chipper,2024,,,
ORGANIZATION,Carolina Septic,3ALUTMK9A2000304E,006,2015 Freightliner 114SD Vacuum,Freightliner,114SD Vacuum,2015,,,
ORGANIZATION,QC Waste,3ALVD6EFFS0001104,013,2017 Freightliner M2 106 Refuse,Freightliner,M2 106 Refuse,2017,,,
ORGANIZATION,SE Delivery,3ALWNMFE2M000216K,008,2018 Freightliner M2 106 Box,Freightliner,M2 106 Box,2018,,,
ORGANIZATION,Carolinas Crane,3ALYP7X0PW0002262,007,2017 Freightliner 114SD Crane,Freightliner,114SD Crane,2017,,,
ORGANIZATION,Highland Moving,3ALZ2L4KTM0003265,005,2024 Freightliner M2 106 Moving Van,Freightliner,M2 106 Moving Van,2024,,,
ORGANIZATION,Highland Moving,3C610DM9BM000329K,006,2018 Ram ProMaster 2500,Ram,ProMaster 2500,2018,,,
ORGANIZATION,Meck Plumbing,3C630BJ07Z000155B,006,2014 Ram ProMaster 2500,Ram,ProMaster 2500,2014,,,
ORGANIZATION,Meck Plumbing,3C67ND4CL4000151Y,007,2018 Ram ProMaster 2500,Ram,ProMaster 2500,2018,,,
ORGANIZATION,Carolina Power,3C68ZBX4VZ0001827,009,2016 Ram ProMaster 2500,Ram,ProMaster 2500,2016,,,
ORGANIZATION,Carolina Fresh,3C6BXHRATB000260W,004,2019 Ram ProMaster 2500,Ram,ProMaster 2500,2019,,,
ORGANIZATION,SE Delivery,3C6V8TB1BF000213D,009,2015 Ram ProMaster 2500,Ram,ProMaster 2500,2015,,,
ORGANIZATION,SE Delivery,3C6VLRLMXA0002090,010,2012 Ram ProMaster 2500,Ram,ProMaster 2500,2012,,,
ORGANIZATION,Meck Plumbing,3C6WVNEVRY000149J,008,2020 Ram ProMaster 2500,Ram,ProMaster 2500,2020,,,
ORGANIZATION,Rowan Road Services,3C7250YX1F0002472,009,2023 Ram 5500 Flatbed,Ram,5500 Flatbed,2023,,,
ORGANIZATION,Piedmont Freight,3C73UNE8VS000077F,009,2014 Ram 5500 Flatbed,Ram,5500 Flatbed,2014,,,
ORGANIZATION,Piedmont Freight,3C75S813J30000739,010,2017 Ram 5500 Flatbed,Ram,5500 Flatbed,2017,,,
ORGANIZATION,Rowan Road Services,3C7G12PBWZ000250P,010,2017 Ram 5500 Flatbed,Ram,5500 Flatbed,2017,,,
ORGANIZATION,Union Grading,3C7W0X8UK0000297L,011,2023 Ram 5500 Flatbed,Ram,5500 Flatbed,2023,,,
ORGANIZATION,LKN Propane,3FAB479AXZ000239D,006,2013 Ford Fusion,Ford,Fusion,2013,,,
INDIVIDUAL,Tanya Robinson,3FAC5DKSYS000014C,00014C,2011 Ford Fusion,Ford,Fusion,2011,,,
ORGANIZATION,LKN Propane,3FAFP4XXCG000240F,007,2020 Ford Fusion,Ford,Fusion,2020,,,
ORGANIZATION,Union Grading,3FAPX3H7VT000298C,012,2017 Ford Fusion,Ford,Fusion,2017,,,
INDIVIDUAL,Jose Rivera,3FAXMY3SR1000043J,00043J,2022 Ford Fusion,Ford,Fusion,2022,,,
INDIVIDUAL,Martha Scott,3FAYM2LL3X000058Y,00058Y,2011 Ford Fusion,Ford,Fusion,2011,,,
INDIVIDUAL,Sharon Powell,3GT0VYZ26Z000038E,00038E,2010 GMC Sierra 1500,GMC,Sierra 1500,2010,,,
INDIVIDUAL,James Caldwell,3GT7LF2PYF000012L,00012L,2021 GMC Sierra 1500,GMC,Sierra 1500,2021,,,
INDIVIDUAL,Raymond James,3GT84SYJDB000065P,00065P,2021 GMC Sierra 1500,GMC,Sierra 1500,2021,,,
INDIVIDUAL,Samuel Reed,3GT8SMXZHS0000684,000684,2023 GMC Sierra 1500,GMC,Sierra 1500,2023,,,
ORGANIZATION,Meck Tree,3GT95SCTK9000307W,007,2015 GMC Sierra 1500,GMC,Sierra 1500,2015,,,
ORGANIZATION,LKN Propane,3GTAC08E5D000236F,008,2019 GMC Sierra 1500,GMC,Sierra 1500,2019,,,
ORGANIZATION,Carolina Septic,3GTCLPKFKL000303J,007,2014 GMC Sierra 1500,GMC,Sierra 1500,2014,,,
ORGANIZATION,Carolinas Crane,3GTDE0HUGD0002258,008,2015 GMC Sierra 1500,GMC,Sierra 1500,2015,,,
INDIVIDUAL,Keith Ward,3GTDHW7NFC000054D,00054D,2012 GMC Sierra 1500,GMC,Sierra 1500,2012,,,
ORGANIZATION,Union Grading,3GTL5XEWFT0002945,013,2020 GMC Sierra 1500,GMC,Sierra 1500,2020,,,
ORGANIZATION,Piedmont Freight,3GTM5NUXSJ000071L,011,2017 GMC Sierra 1500,GMC,Sierra 1500,2017,,,
ORGANIZATION,LKN Propane,3GTN32BP8Y0002379,009,2022 GMC Sierra 1500,GMC,Sierra 1500,2022,,,
ORGANIZATION,Rowan Road Services,3GTN617UMR0002528,011,2023 GMC Sierra 1500,GMC,Sierra 1500,2023,,,
ORGANIZATION,QC Waste,3GTNB4LZDB000111K,014,2016 GMC Sierra 1500,GMC,Sierra 1500,2016,,,
ORGANIZATION,Cabarrus Cleaning,3GTNZYYU6X000202F,005,2019 GMC Sierra 1500,GMC,Sierra 1500,2019,,,
ORGANIZATION,Piedmont Ready Mix,3GTRJLEFA5000170P,015,2023 GMC Sierra 1500,GMC,Sierra 1500,2023,,,
INDIVIDUAL,Cynthia Ross,3GTTDC1UV3000041A,00041A,2021 GMC Sierra 1500,GMC,Sierra 1500,2021,,,
ORGANIZATION,LKN Propane,3GTV01G06P0002421,010,2023 GMC Sierra 1500,GMC,Sierra 1500,2023,,,
ORGANIZATION,QC Waste,3GTV6S8VEV000109C,015,2014 GMC Sierra 1500,GMC,Sierra 1500,2014,,,
ORGANIZATION,Highland Moving,3HA2GZBT0K000317H,007,2015 International MV Moving Van,International,MV Moving Van,2015,,,
ORGANIZATION,Highland Moving,3HA55XZWU4000325Y,008,2015 International MV Moving Van,International,MV Moving Van,2015,,,
ORGANIZATION,Highland Moving,3HAHA1WD8E000316L,009,2017 International MV Moving Van,International,MV Moving Van,2017,,,
ORGANIZATION,Tarheel Logistics,3HALAC26BH000145W,009,2012 International MV607 Box,International,MV607 Box,2012,,,
ORGANIZATION,Cabarrus Cleaning,3HAPP8HV3E000207C,006,2018 International MV607 Box,International,MV607 Box,2018,,,
ORGANIZATION,Cabarrus Cleaning,3HARXY40890002006,007,2021 International MV607 Box,International,MV607 Box,2021,,,
ORGANIZATION,Piedmont Freight,3HS1UZBA2R000078H,012,2016 International LT625,International,LT625,2016,,,
ORGANIZATION,Piedmont Freight,3HS76J1NEM0000808,013,2015 International LT625,International,LT625,2015,,,
ORGANIZATION,Piedmont Freight,3HSDG8UM3Z000072G,014,2022 International LT625,International,LT625,2022,,,
ORGANIZATION,Blue Stone Aggregate,3HSFYPPYLK000197C,010,2018 International LT625,International,LT625,2018,,,
ORGANIZATION,Piedmont Freight,3HSPWZDE0J0000747,015,2016 International LT625,International,LT625,2016,,,
ORGANIZATION,Carolinas Crane,3HT0US4NXK000234H,009,2020 International HV Flatbed,International,HV Flatbed,2020,,,
ORGANIZATION,Piedmont Metals,3HT2XLUBMY000279A,011,2012 International HV Flatbed,International,HV Flatbed,2012,,,
ORGANIZATION,Blue Ridge Landscaping,3HT3TKPF7W0001286,008,2020 International HV Flatbed,International,HV Flatbed,2020,,,
ORGANIZATION,Carolina Concrete,3HT9GA7S4U000093J,012,2020 International HX Dump,International,HX Dump,2020,,,
ORGANIZATION,Rowan Road Services,3HTA2ZESH8000256H,012,2014 International HX Dump,International,HX Dump,2014,,,
ORGANIZATION,Carolinas Crane,3HTB6BBWYX0002288,010,2012 International HV Flatbed,International,HV Flatbed,2012,,,
ORGANIZATION,Piedmont Metals,3HTCAHEELZ000280W,012,2014 International HX Dump,International,HX Dump,2014,,,
ORGANIZATION,Blue Stone Aggregate,3HTM60Z05X000188X,011,2014 International HX Dump,International,HX Dump,2014,,,
ORGANIZATION,Meck Tree,3HTM8705YH0003115,008,2013 International HV Flatbed,International,HV Flatbed,2013,,,
ORGANIZATION,Carolina Concrete,3HTSLWC2ED000094N,013,2018 International HX Dump,International,HX Dump,2018,,,
ORGANIZATION,Carolina Concrete,3HTW82BR9H0001007,014,2015 International HX Dump,International,HX Dump,2015,,,
ORGANIZATION,Blue Stone Aggregate,3HTXX7A8MN0001870,012,2024 International HX Dump,International,HX Dump,2024,,,
ORGANIZATION,Blue Stone Aggregate,3HTYRDY10N0001908,013,2024 International HX Dump,International,HX Dump,2024,,,
INDIVIDUAL,Marie Evans,3TM22VZ74K0000510,000510,2020 Toyota Tacoma,Toyota,Tacoma,2020,,,
ORGANIZATION,Blue Ridge Landscaping,3TM2YFXJLF000127H,009,2012 Toyota Tacoma,Toyota,Tacoma,2012,,,
INDIVIDUAL,Nicole Harrison,3TM4VNFM6W000025K,00025K,2018 Toyota Tacoma,Toyota,Tacoma,2018,,,
ORGANIZATION,SE Delivery,3TM7ZT2KPY000215F,011,2017 Toyota Tacoma,Toyota,Tacoma,2017,,,
ORGANIZATION,Blue Ridge Landscaping,3TM88DBDF2000126S,010,2014 Toyota Tacoma,Toyota,Tacoma,2014,,,
ORGANIZATION,Union Grading,3TMAPUUBLE000287V,014,2023 Toyota Tacoma,Toyota,Tacoma,2023,,,
ORGANIZATION,Blue Ridge Landscaping,3TMB0L1LCZ000122T,011,2016 Toyota Tacoma,Toyota,Tacoma,2016,,,
ORGANIZATION,Cabarrus Cleaning,3TMM0MRKD80002043,008,2021 Toyota Tacoma,Toyota,Tacoma,2021,,,
INDIVIDUAL,Virginia Henderson,3TMSAJHD8Z0000615,000615,2021 Toyota Tacoma,Toyota,Tacoma,2021,,,
INDIVIDUAL,Patricia Simmons,3TMVWW15NJ0000090,000090,2012 Toyota Tacoma,Toyota,Tacoma,2012,,,
ORGANIZATION,Meck Plumbing,3TMYWRMFDV0001564,009,2023 Toyota Tacoma,Toyota,Tacoma,2023,,,
INDIVIDUAL,Frank Murphy,4S47SUP6RK000037G,00037G,2023 Subaru Outback,Subaru,Outback,2023,,,
INDIVIDUAL,Henry Griffin,4S4MWWU83R000049P,00049P,2020 Subaru Outback,Subaru,Outback,2020,,,
INDIVIDUAL,Denise Foster,4T10551779000020J,00020J,2018 Toyota Camry,Toyota,Camry,2018,,,
INDIVIDUAL,Carl Price,4T10YLSERN0000579,000579,2019 Toyota Camry,Toyota,Camry,2019,,,
ORGANIZATION,Carolina Power,4T121LK34E0001841,010,2024 Toyota Camry,Toyota,Camry,2024,,,
INDIVIDUAL,Albert Rogers,4T15YXWUBP0000592,000592,2020 Toyota Camry,Toyota,Camry,2020,,,
ORGANIZATION,Meck Tree,4T1E7WDFKF0003151,009,2018 Toyota Camry,Toyota,Camry,2018,,,
INDIVIDUAL,Dorothy Bell,4T1GK0VY080000696,000696,2019 Toyota Camry,Toyota,Camry,2019,,,
ORGANIZATION,Carolina Fresh,4T1JXMDVK3000271L,005,2016 Toyota Camry,Toyota,Camry,2016,,,
ORGANIZATION,Meck Plumbing,4T1K2BNT0V000153F,010,2014 Toyota Camry,Toyota,Camry,2014,,,
ORGANIZATION,Piedmont Freight,4V49ZMGT7A0000791,016,2015 Volvo VNL 760,Volvo,VNL 760,2015,,,
ORGANIZATION,Tarheel Logistics,4V4ASM5BFZ0001373,010,2018 Volvo VNL 760,Volvo,VNL 760,2018,,,
ORGANIZATION,Tarheel Logistics,4V4J3AANXT0001426,011,2012 Volvo VNL 760,Volvo,VNL 760,2012,,,
ORGANIZATION,Blue Stone Aggregate,4V4LJRHMWC000198F,014,2021 Volvo VNL 760,Volvo,VNL 760,2021,,,
ORGANIZATION,Tarheel Logistics,4V4R8ZB9B90001382,012,2014 Volvo VNL 760,Volvo,VNL 760,2014,,,
ORGANIZATION,Piedmont Freight,4V4V8WMBT9000087G,017,2023 Volvo VNL 760,Volvo,VNL 760,2023,,,
ORGANIZATION,Tarheel Logistics,54DJNFWSG3000141E,013,2015 Isuzu NPR-HD Box,Isuzu,NPR-HD Box,2015,,,
ORGANIZATION,Cabarrus Cleaning,54DS014K48000201D,009,2020 Isuzu NPR-HD Box,Isuzu,NPR-HD Box,2020,,,
INDIVIDUAL,Shirley Flores,5J6BFXLA8N000048N,00048N,2017 Honda CR-V,Honda,CR-V,2017,,,
INDIVIDUAL,Douglas Stewart,5J6KZ9W15E000046N,00046N,2009 Honda CR-V,Honda,CR-V,2009,,,
INDIVIDUAL,Gary Alexander,5J6P010XFA000027W,00027W,2009 Honda CR-V,Honda,CR-V,2009,,,
INDIVIDUAL,Phyllis Long,5J6XNPJ2WF0000551,000551,2011 Honda CR-V,Honda,CR-V,2011,,,
ORGANIZATION,Rowan Road Services,5NP3WSZALR000253F,013,2022 Hyundai Sonata,Hyundai,Sonata,2022,,,
INDIVIDUAL,Cheryl Hawkins,5NP5NWHRDL0000165,000165,2013 Hyundai Sonata,Hyundai,Sonata,2013,,,
ORGANIZATION,Blue Ridge Landscaping,5NP728EJ9B000123M,012,2023 Hyundai Sonata,Hyundai,Sonata,2023,,,
INDIVIDUAL,Bruce King,5NPBDJPFL3000052B,00052B,2021 Hyundai Sonata,Hyundai,Sonata,2021,,,
ORGANIZATION,Piedmont Freight,5NPEEXDFBB000075W,018,2021 Hyundai Sonata,Hyundai,Sonata,2021,,,
INDIVIDUAL,Linda Guerrero,5NPER2ET7R000011F,00011F,2023 Hyundai Sonata,Hyundai,Sonata,2023,,,
ORGANIZATION,Carolina Septic,5NPKCBB1FC000300B,008,2015 Hyundai Sonata,Hyundai,Sonata,2015,,,
INDIVIDUAL,Larry Peterson,5NPMMNSZ9G000034Z,00034Z,2010 Hyundai Sonata,Hyundai,Sonata,2010,,,
ORGANIZATION,Carolina Fresh,5PV0CMZ86N000268Z,006,2016 Hino 338 Reefer,Hino,338 Reefer,2016,,,
ORGANIZATION,Carolina Fresh,5PV1ZVY60A000263X,007,2023 Hino 338 Reefer,Hino,338 Reefer,2023,,,
ORGANIZATION,Highland Moving,5PV2WPNJB9000324B,010,2013 Hino 268 Moving Van,Hino,268 Moving Van,2013,,,
ORGANIZATION,Carolina Power,5PV3DJ8WK3000177Y,011,2020 Hino 268 Bucket,Hino,268 Bucket,2020,,,
ORGANIZATION,Highland Moving,5PV6DY23W6000318T,011,2012 Hino 268 Moving Van,Hino,268 Moving Van,2012,,,
ORGANIZATION,Highland Moving,5PV88PRS40000320H,012,2018 Hino 268 Moving Van,Hino,268 Moving Van,2018,,,
ORGANIZATION,Carolina Fresh,5PV8M4JMSA0002692,008,2013 Hino 338 Reefer,Hino,338 Reefer,2013,,,
ORGANIZATION,Carolina Fresh,5PV9MRA658000258Z,009,2022 Hino 338 Reefer,Hino,338 Reefer,2022,,,
ORGANIZATION,SE Delivery,5PVDG5WB2Y0002203,012,2016 Hino 268 Box,Hino,268 Box,2016,,,
ORGANIZATION,Tarheel Logistics,5PVGR41L95000132D,014,2015 Hino 268 Box,Hino,268 Box,2015,,,
ORGANIZATION,Highland Moving,5PVMTEK0TW000319C,013,2018 Hino 268 Moving Van,Hino,268 Moving Van,2018,,,
ORGANIZATION,Highland Moving,5PVNAC49SE0003223,014,2015 Hino 268 Moving Van,Hino,268 Moving Van,2015,,,
ORGANIZATION,Carolina Fresh,5PVRUMSHHB000264M,010,2017 Hino 338 Reefer,Hino,338 Reefer,2017,,,
ORGANIZATION,Carolina Fresh,5PVSHMN7EL0002625,011,2015 Hino 338 Reefer,Hino,338 Reefer,2015,,,
ORGANIZATION,Tarheel Logistics,5PVU3ZB71X0001408,015,2016 Hino 268 Box,Hino,268 Box,2016,,,
ORGANIZATION,QC Waste,5VCMMZ4FV20001046,016,2024 Autocar ACX Refuse,Autocar,ACX Refuse,2024,,,
ORGANIZATION,Carolinas Crane,5VCN3U504R000230N,011,2021 National NBT Boom Truck,National,NBT Boom Truck,2021,,,
ORGANIZATION,Carolina Fresh,JAL3FLZC5B000265G,012,2021 Isuzu FTR Reefer,Isuzu,FTR Reefer,2021,,,
ORGANIZATION,Carolina Fresh,JALRL80FH70002668,013,2016 Isuzu FTR Reefer,Isuzu,FTR Reefer,2016,,,
ORGANIZATION,Carolina Fresh,JALVEUSJLC000261X,014,2020 Isuzu FTR Reefer,Isuzu,FTR Reefer,2020,,,
ORGANIZATION,Tarheel Logistics,WD45F24HPL000136X,016,2019 Mercedes-Benz Sprinter 2500,Mercedes-Benz,Sprinter 2500,2019,,,
ORGANIZATION,Carolina Power,WD47CUCA3B000174S,012,2022 Mercedes-Benz Sprinter 2500,Mercedes-Benz,Sprinter 2500,2022,,,
ORGANIZATION,Carolina Power,WD498NSFJ4000179E,013,2023 Mercedes-Benz Sprinter 2500,Mercedes-Benz,Sprinter 2500,2023,,,
ORGANIZATION,SE Delivery,WD4BKUVDTT0002128,013,2019 Mercedes-Benz Sprinter 2500,Mercedes-Benz,Sprinter 2500,2019,,,
ORGANIZATION,SE Delivery,WD4DKDN77F0002103,014,2012 Mercedes-Benz Sprinter 2500,Mercedes-Benz,Sprinter 2500,2012,,,
ORGANIZATION,Carolina Fresh,WD4DYJ50XA000259R,015,2012 Mercedes-Benz Sprinter 2500,Mercedes-Benz,Sprinter 2500,2012,,,
ORGANIZATION,Tarheel Logistics,WD4GS5S8BF0001464,017,2018 Mercedes-Benz Sprinter 2500,Mercedes-Benz,Sprinter 2500,2018,,,
ORGANIZATION,SE Delivery,WD4YL24NXC000221D,015,2019 Mercedes-Benz Sprinter 2500,Mercedes-Benz,Sprinter 2500,2019,,,
ORGANIZATION,SE Delivery,WD4ZMVK57T000219C,016,2017 Mercedes-Benz Sprinter 2500,Mercedes-Benz,Sprinter 2500,2017,,,
