quality,severity,rule,module,file,line,effort,message,status
RELIABILITY,LOW,java:S2637,pos-location,pos-location/src/main/java/com/positivity/location/internal/service/PeopleContactEventsListener.java,128,15min,"Parameter 1 to this call is marked ""@NonNull"" but null could be passed.",fixed (PR #1487)
RELIABILITY,LOW,java:S2637,pos-supplier,pos-supplier/src/main/java/com/positivity/supplier/internal/config/SupplierYamlBootstrap.java,158,15min,"Parameter 1 to this call is marked ""@NonNull"" but null could be passed.",fixed (PR #1487)
MAINTAINABILITY,BLOCKER,java:S2699,pos-workorder,pos-workorder/src/test/java/com/positivity/workorder/internal/service/PromotedWorkorderDemandPublisherTest.java,145,10min,Add at least one assertion to this test case.,fixed (PR #1487)
MAINTAINABILITY,HIGH,java:S1186,pos-customer,pos-customer/src/main/java/com/positivity/customer/internal/dto/snapshot/BillingRuleRef.java,101,5min,"Add a nested comment explaining why this method is empty, throw an UnsupportedOperationException or complete the implementation.",deleted - redundant no-arg constructor (PR #1490)
MAINTAINABILITY,HIGH,java:S1186,pos-customer,pos-customer/src/main/java/com/positivity/customer/internal/dto/snapshot/ContactSummary.java,50,5min,"Add a nested comment explaining why this method is empty, throw an UnsupportedOperationException or complete the implementation.",deleted - redundant no-arg constructor (PR #1490)
MAINTAINABILITY,HIGH,java:S1186,pos-customer,pos-customer/src/main/java/com/positivity/customer/internal/dto/snapshot/ContactSummary.java,228,5min,"Add a nested comment explaining why this method is empty, throw an UnsupportedOperationException or complete the implementation.",deleted - redundant no-arg constructor (PR #1490)
MAINTAINABILITY,HIGH,java:S1186,pos-customer,pos-customer/src/main/java/com/positivity/customer/internal/dto/snapshot/CrmSnapshotDTO.java,92,5min,"Add a nested comment explaining why this method is empty, throw an UnsupportedOperationException or complete the implementation.",deleted - redundant no-arg constructor (PR #1490)
MAINTAINABILITY,HIGH,java:S1186,pos-customer,pos-customer/src/main/java/com/positivity/customer/internal/dto/snapshot/CrmSnapshotDTO.java,173,5min,"Add a nested comment explaining why this method is empty, throw an UnsupportedOperationException or complete the implementation.",deleted - redundant no-arg constructor (PR #1490)
MAINTAINABILITY,HIGH,java:S1186,pos-people,pos-people/src/main/java/com/positivity/people/internal/entity/TimeEntryException.java,169,5min,"Add a nested comment explaining why this method is empty, throw an UnsupportedOperationException or complete the implementation.",fixed - setters now assign (PR #1490)
MAINTAINABILITY,HIGH,java:S1186,pos-people,pos-people/src/main/java/com/positivity/people/internal/entity/TimeEntryException.java,175,5min,"Add a nested comment explaining why this method is empty, throw an UnsupportedOperationException or complete the implementation.",fixed - setters now assign (PR #1490)
MAINTAINABILITY,HIGH,java:S1186,pos-people,pos-people/src/main/java/com/positivity/people/internal/entity/WorkSession.java,64,5min,"Add a nested comment explaining why this method is empty, throw an UnsupportedOperationException or complete the implementation.",deleted - dead @PrePersist callback (PR #1490)
MAINTAINABILITY,HIGH,java:S1186,pos-people,pos-people/src/main/java/com/positivity/people/internal/entity/WorkSessionBreak.java,59,5min,"Add a nested comment explaining why this method is empty, throw an UnsupportedOperationException or complete the implementation.",deleted - dead @PrePersist callback (PR #1490)
MAINTAINABILITY,HIGH,java:S1186,pos-security-common,pos-security-common/src/test/java/com/positivity/security/common/RequiredPermissionsOpenApiAutoConfigurationTest.java,21,5min,"Add a nested comment explaining why this method is empty, throw an UnsupportedOperationException or complete the implementation.",documented - deliberate @PreAuthorize test fixture (PR #1490)
MAINTAINABILITY,HIGH,java:S1186,pos-security-common,pos-security-common/src/test/java/com/positivity/security/common/RequiredPermissionsOpenApiAutoConfigurationTest.java,24,5min,"Add a nested comment explaining why this method is empty, throw an UnsupportedOperationException or complete the implementation.",documented - deliberate @PreAuthorize test fixture (PR #1490)
MAINTAINABILITY,HIGH,java:S1186,pos-security-common,pos-security-common/src/test/java/com/positivity/security/common/RequiredPermissionsOpenApiAutoConfigurationTest.java,27,5min,"Add a nested comment explaining why this method is empty, throw an UnsupportedOperationException or complete the implementation.",documented - deliberate @PreAuthorize test fixture (PR #1490)
MAINTAINABILITY,HIGH,java:S1186,pos-security-common,pos-security-common/src/test/java/com/positivity/security/common/RequiredPermissionsOpenApiAutoConfigurationTest.java,30,5min,"Add a nested comment explaining why this method is empty, throw an UnsupportedOperationException or complete the implementation.",documented - deliberate @PreAuthorize test fixture (PR #1490)
MAINTAINABILITY,HIGH,java:S1186,pos-security-common,pos-security-common/src/test/java/com/positivity/security/common/RequiredPermissionsOpenApiAutoConfigurationTest.java,32,5min,"Add a nested comment explaining why this method is empty, throw an UnsupportedOperationException or complete the implementation.",documented - deliberate @PreAuthorize test fixture (PR #1490)
MAINTAINABILITY,HIGH,java:S1186,pos-workorder,pos-workorder/src/main/java/com/positivity/workorder/internal/dto/BillingRulesDTO.java,81,5min,"Add a nested comment explaining why this method is empty, throw an UnsupportedOperationException or complete the implementation.",deleted - redundant no-arg constructor (PR #1490)
MAINTAINABILITY,HIGH,java:S1192,pos-accounting,pos-accounting/src/main/java/com/positivity/accounting/internal/controller/JournalEntryController.java,66,8min,"Define a constant instead of duplicating this literal ""updatedAt"" 3 times.",fixed (PR #1495)
MAINTAINABILITY,HIGH,java:S1192,pos-accounting,pos-accounting/src/main/java/com/positivity/accounting/internal/entity/DefaultGLMapping.java,70,10min,"Define a constant instead of duplicating this literal ""SYSTEM"" 4 times.",fixed (PR #1495)
MAINTAINABILITY,HIGH,java:S1192,pos-accounting,pos-accounting/src/main/java/com/positivity/accounting/internal/report/LaborOverheadTaxonomy.java,204,8min,"Define a constant instead of duplicating this literal ""Maintenance"" 3 times.",fixed (PR #1495)
MAINTAINABILITY,HIGH,java:S1192,pos-accounting,pos-accounting/src/main/java/com/positivity/accounting/internal/service/EventIngestionServiceImpl.java,208,8min,"Define a constant instead of duplicating this literal ""Event not found: "" 3 times.",fixed (PR #1495)
MAINTAINABILITY,HIGH,java:S1192,pos-accounting,pos-accounting/src/main/java/com/positivity/accounting/internal/service/GLAccountServiceImpl.java,56,8min,"Define a constant instead of duplicating this literal ""accountCode"" 3 times.",fixed (PR #1495)
MAINTAINABILITY,HIGH,java:S1192,pos-accounting,pos-accounting/src/main/java/com/positivity/accounting/internal/service/GLAccountServiceImpl.java,63,8min,"Define a constant instead of duplicating this literal ""updatedAt"" 3 times.",fixed (PR #1495)
MAINTAINABILITY,HIGH,java:S1192,pos-accounting,pos-accounting/src/main/java/com/positivity/accounting/internal/service/MappingResolutionTestServiceImpl.java,381,8min,"Define a constant instead of duplicating this literal ""payload."" 3 times.",fixed (PR #1495)
MAINTAINABILITY,HIGH,java:S1192,pos-accounting,pos-accounting/src/main/java/com/positivity/accounting/internal/service/PaymentApplicationServiceImpl.java,408,8min,"Define a constant instead of duplicating this literal ""Payment application not found: "" 3 times.",fixed (PR #1495)
MAINTAINABILITY,HIGH,java:S1192,pos-accounting,pos-accounting/src/main/java/com/positivity/accounting/internal/service/PostingRuleDefinitionValidator.java,109,8min,"Define a constant instead of duplicating this literal ""conditions["" 3 times.",fixed (PR #1495)
MAINTAINABILITY,HIGH,java:S1192,pos-accounting,pos-accounting/src/main/java/com/positivity/accounting/internal/service/PostingRuleDefinitionValidator.java,112,8min,"Define a constant instead of duplicating this literal ""factorPercent"" 3 times.",fixed (PR #1495)
MAINTAINABILITY,HIGH,java:S1192,pos-accounting,pos-accounting/src/main/java/com/positivity/accounting/internal/service/PostingRuleDefinitionValidator.java,125,12min,"Define a constant instead of duplicating this literal "".factorPercent"" 5 times.",fixed (PR #1495)
MAINTAINABILITY,HIGH,java:S1192,pos-accounting,pos-accounting/src/main/java/com/positivity/accounting/internal/service/PostingRuleEvaluatorImpl.java,161,10min,"Define a constant instead of duplicating this literal ""failureStep"" 4 times.",fixed (PR #1495)
MAINTAINABILITY,HIGH,java:S1192,pos-accounting,pos-accounting/src/main/java/com/positivity/accounting/internal/service/PostingRuleServiceImpl.java,52,8min,"Define a constant instead of duplicating this literal ""updatedAt"" 3 times.",fixed (PR #1495)
MAINTAINABILITY,HIGH,java:S1192,pos-catalog,pos-catalog/src/main/java/com/positivity/catalog/internal/controller/CatalogExceptionHandler.java,54,12min,"Define a constant instead of duplicating this literal ""VALIDATION_ERROR"" 5 times.",fixed (PR #1495)
MAINTAINABILITY,HIGH,java:S1192,pos-catalog,pos-catalog/src/main/java/com/positivity/catalog/internal/service/InventoryEventsListener.java,70,4min,Use already-defined constant 'OWNER' instead of duplicating its value here.,fixed (PR #1495)
MAINTAINABILITY,HIGH,java:S1192,pos-catalog,pos-catalog/src/main/java/com/positivity/catalog/internal/service/SupplierPriceCatalogEventsListener.java,299,4min,Use already-defined constant 'OWNER' instead of duplicating its value here.,fixed (PR #1495)
MAINTAINABILITY,HIGH,java:S1192,pos-customer,pos-customer/src/main/java/com/positivity/customer/internal/config/CustomerCommandListener.java,118,8min,"Define a constant instead of duplicating this literal ""payload"" 3 times.",fixed (PR #1495)
MAINTAINABILITY,HIGH,java:S1192,pos-customer,pos-customer/src/main/java/com/positivity/customer/internal/security/CrmPermissionRegistry.java,153,56min,"Define a constant instead of duplicating this literal ""MEDIUM"" 27 times.",fixed (PR #1495)
MAINTAINABILITY,HIGH,java:S1192,pos-customer,pos-customer/src/main/java/com/positivity/customer/internal/security/CrmPermissionRegistry.java,190,8min,"Define a constant instead of duplicating this literal ""Issue #169"" 3 times.",fixed (PR #1495)
MAINTAINABILITY,HIGH,java:S1192,pos-customer,pos-customer/src/main/java/com/positivity/customer/internal/security/CrmPermissionRegistry.java,216,8min,"Define a constant instead of duplicating this literal ""Issue #1136"" 3 times.",fixed (PR #1495)
MAINTAINABILITY,HIGH,java:S1192,pos-customer,pos-customer/src/main/java/com/positivity/customer/internal/security/CrmPermissionRegistry.java,221,8min,"Define a constant instead of duplicating this literal ""Issue #1137"" 3 times.",fixed (PR #1495)
MAINTAINABILITY,HIGH,java:S1192,pos-customer,pos-customer/src/main/java/com/positivity/customer/internal/service/PeopleContactEventsListener.java,72,4min,Use already-defined constant 'OWNER' instead of duplicating its value here.,fixed (PR #1495)
MAINTAINABILITY,HIGH,java:S1192,pos-customer,pos-customer/src/main/java/com/positivity/customer/internal/service/PeopleContactEventsListener.java,129,10min,"Define a constant instead of duplicating this literal ""payload"" 4 times.",fixed (PR #1495)
MAINTAINABILITY,HIGH,java:S1192,pos-customer,pos-customer/src/main/java/com/positivity/customer/internal/service/PeopleContactEventsListener.java,130,8min,"Define a constant instead of duplicating this literal ""aggregateVersion"" 3 times.",fixed (PR #1495)
MAINTAINABILITY,HIGH,java:S1192,pos-customer,pos-customer/src/main/java/com/positivity/customer/internal/service/VehicleEventsListener.java,89,4min,Use already-defined constant 'OWNER' instead of duplicating its value here.,fixed (PR #1495)
MAINTAINABILITY,HIGH,java:S1192,pos-customer,pos-customer/src/main/java/com/positivity/customer/internal/service/WorkorderEventsListener.java,82,4min,Use already-defined constant 'OWNER' instead of duplicating its value here.,fixed (PR #1495)
MAINTAINABILITY,HIGH,java:S1192,pos-customer,pos-customer/src/main/java/com/positivity/customer/internal/service/WorkorderEventsListener.java,83,4min,Use already-defined constant 'SYSTEM_ACTOR' instead of duplicating its value here.,fixed (PR #1495)
MAINTAINABILITY,HIGH,java:S1192,pos-event-receiver,pos-event-receiver/src/main/java/com/positivity/poseventreceiver/internal/service/EventTypeServiceImpl.java,52,12min,"Define a constant instead of duplicating this literal ""typeCode"" 5 times.",fixed (PR #1495)
MAINTAINABILITY,HIGH,java:S1192,pos-events,pos-events/src/main/java/com/positivity/events/outbox/OutboxHealthContributor.java,151,8min,"Define a constant instead of duplicating this literal ""drainState"" 3 times.",fixed (PR #1495)
MAINTAINABILITY,HIGH,java:S1192,pos-inventory,pos-inventory/src/main/java/com/positivity/inventory/internal/config/InventoryCommandListener.java,218,8min,"Define a constant instead of duplicating this literal ""pickListId"" 3 times.",fixed (PR #1495)
MAINTAINABILITY,HIGH,java:S1192,pos-inventory,pos-inventory/src/main/java/com/positivity/inventory/internal/exception/PurchaseSuggestionConversionException.java,27,8min,"Define a constant instead of duplicating this literal ""Suggestion "" 3 times.",fixed (PR #1495)
MAINTAINABILITY,HIGH,java:S1192,pos-inventory,pos-inventory/src/main/java/com/positivity/inventory/internal/security/InventoryPermissionRegistry.java,247,22min,"Define a constant instead of duplicating this literal ""MEDIUM"" 10 times.",fixed (PR #1495)
MAINTAINABILITY,HIGH,java:S1192,pos-inventory,pos-inventory/src/main/java/com/positivity/inventory/internal/security/InventoryPermissionRegistry.java,248,8min,"Define a constant instead of duplicating this literal ""Issue #37"" 3 times.",fixed (PR #1495)
MAINTAINABILITY,HIGH,java:S1192,pos-inventory,pos-inventory/src/main/java/com/positivity/inventory/internal/security/InventoryPermissionRegistry.java,292,8min,"Define a constant instead of duplicating this literal ""Clarification #229"" 3 times.",fixed (PR #1495)
MAINTAINABILITY,HIGH,java:S1192,pos-inventory,pos-inventory/src/main/java/com/positivity/inventory/internal/security/InventoryPermissionRegistry.java,313,8min,"Define a constant instead of duplicating this literal ""Issue #1035"" 3 times.",fixed (PR #1495)
MAINTAINABILITY,HIGH,java:S1192,pos-inventory,pos-inventory/src/main/java/com/positivity/inventory/internal/service/AsnServiceImpl.java,144,8min,"Define a constant instead of duplicating this literal ""eventType"" 3 times.",fixed (PR #1495)
MAINTAINABILITY,HIGH,java:S1192,pos-inventory,pos-inventory/src/main/java/com/positivity/inventory/internal/service/AsnServiceImpl.java,146,8min,"Define a constant instead of duplicating this literal ""asnId"" 3 times.",fixed (PR #1495)
MAINTAINABILITY,HIGH,java:S1192,pos-inventory,pos-inventory/src/main/java/com/positivity/inventory/internal/service/AsnServiceImpl.java,152,8min,"Define a constant instead of duplicating this literal ""occurredAt"" 3 times.",fixed (PR #1495)
MAINTAINABILITY,HIGH,java:S1192,pos-inventory,pos-inventory/src/main/java/com/positivity/inventory/internal/service/CatalogEventsListener.java,94,4min,Use already-defined constant 'OWNER' instead of duplicating its value here.,fixed (PR #1495)
MAINTAINABILITY,HIGH,java:S1192,pos-inventory,pos-inventory/src/main/java/com/positivity/inventory/internal/service/InventoryAvailabilityServiceImpl.java,147,8min,"Define a constant instead of duplicating this literal ""onHandQuantity"" 3 times.",fixed (PR #1495)
MAINTAINABILITY,HIGH,java:S1192,pos-inventory,pos-inventory/src/main/java/com/positivity/inventory/internal/service/InventoryLeadTimeServiceImpl.java,119,8min,"Define a constant instead of duplicating this literal "" business days"" 3 times.",fixed (PR #1495)
MAINTAINABILITY,HIGH,java:S1192,pos-inventory,pos-inventory/src/main/java/com/positivity/inventory/internal/service/InventoryLotServiceImpl.java,63,8min,"Define a constant instead of duplicating this literal ""InventoryLot"" 3 times.",fixed (PR #1495)
MAINTAINABILITY,HIGH,java:S1192,pos-inventory,pos-inventory/src/main/java/com/positivity/inventory/internal/service/LocationEventsListener.java,83,4min,Use already-defined constant 'OWNER' instead of duplicating its value here.,fixed (PR #1495)
MAINTAINABILITY,HIGH,java:S1192,pos-inventory,pos-inventory/src/main/java/com/positivity/inventory/internal/service/LocationEventsListener.java,137,8min,"Define a constant instead of duplicating this literal ""payload"" 3 times.",fixed (PR #1495)
MAINTAINABILITY,HIGH,java:S1192,pos-inventory,pos-inventory/src/main/java/com/positivity/inventory/internal/service/LocationInventoryRollupServiceImpl.java,41,4min,Use already-defined constant 'DEFAULT_PARENT_TYPE' instead of duplicating its value here.,fixed (PR #1495)
MAINTAINABILITY,HIGH,java:S1192,pos-inventory,pos-inventory/src/main/java/com/positivity/inventory/internal/service/ReplenishmentServiceImpl.java,210,16min,"Define a constant instead of duplicating this literal ""NO_ACTION"" 7 times.",fixed (PR #1495)
MAINTAINABILITY,HIGH,java:S1192,pos-inventory,pos-inventory/src/main/java/com/positivity/inventory/internal/service/RevaluationServiceImpl.java,125,8min,"Define a constant instead of duplicating this literal ""Revaluation"" 3 times.",fixed (PR #1495)
MAINTAINABILITY,HIGH,java:S1192,pos-inventory,pos-inventory/src/main/java/com/positivity/inventory/internal/service/ScrapServiceImpl.java,236,8min,"Define a constant instead of duplicating this literal ""createdAt"" 3 times.",fixed (PR #1495)
MAINTAINABILITY,HIGH,java:S1192,pos-inventory,pos-inventory/src/main/java/com/positivity/inventory/internal/service/TransferOrderServiceImpl.java,145,10min,"Define a constant instead of duplicating this literal ""source"" 4 times.",fixed (PR #1495)
MAINTAINABILITY,HIGH,java:S1192,pos-inventory,pos-inventory/src/main/java/com/positivity/inventory/internal/service/TransferOrderServiceImpl.java,146,10min,"Define a constant instead of duplicating this literal ""destination"" 4 times.",fixed (PR #1495)
MAINTAINABILITY,HIGH,java:S1192,pos-inventory,pos-inventory/src/main/java/com/positivity/inventory/internal/service/WarrantyEventsListener.java,64,4min,Use already-defined constant 'OWNER' instead of duplicating its value here.,fixed (PR #1495)
MAINTAINABILITY,HIGH,java:S1192,pos-inventory,pos-inventory/src/main/java/com/positivity/inventory/internal/service/WorkorderEventsListener.java,70,4min,Use already-defined constant 'OWNER' instead of duplicating its value here.,fixed (PR #1495)
MAINTAINABILITY,HIGH,java:S1192,pos-invoice,pos-invoice/src/main/java/com/positivity/invoice/internal/service/CustomerEventsListener.java,61,4min,Use already-defined constant 'OWNER' instead of duplicating its value here.,fixed (PR #1495)
MAINTAINABILITY,HIGH,java:S1192,pos-invoice,pos-invoice/src/main/java/com/positivity/invoice/internal/service/InvoiceServiceImpl.java,166,10min,"Define a constant instead of duplicating this literal ""invoiceId is required"" 4 times.",fixed (PR #1495)
MAINTAINABILITY,HIGH,java:S1192,pos-invoice,pos-invoice/src/main/java/com/positivity/invoice/internal/service/LocationEventsListener.java,67,4min,Use already-defined constant 'OWNER' instead of duplicating its value here.,fixed (PR #1495)
MAINTAINABILITY,HIGH,java:S1192,pos-invoice,pos-invoice/src/main/java/com/positivity/invoice/internal/service/PeopleEventsListener.java,59,4min,Use already-defined constant 'OWNER' instead of duplicating its value here.,fixed (PR #1495)
MAINTAINABILITY,HIGH,java:S1192,pos-invoice,pos-invoice/src/main/java/com/positivity/invoice/internal/service/WorkorderEventsListener.java,63,4min,Use already-defined constant 'OWNER' instead of duplicating its value here.,fixed (PR #1495)
MAINTAINABILITY,HIGH,java:S1192,pos-location,pos-location/src/main/java/com/positivity/location/internal/service/InventoryEventsListener.java,64,4min,Use already-defined constant 'OWNER' instead of duplicating its value here.,fixed (PR #1495)
MAINTAINABILITY,HIGH,java:S1192,pos-location,pos-location/src/main/java/com/positivity/location/internal/service/PeopleContactEventsListener.java,63,4min,Use already-defined constant 'OWNER' instead of duplicating its value here.,fixed (PR #1495)
MAINTAINABILITY,HIGH,java:S1192,pos-location,pos-location/src/main/java/com/positivity/location/internal/service/TravelBufferPolicyServiceImpl.java,95,10min,"Define a constant instead of duplicating this literal ""bufferType"" 4 times.",fixed (PR #1495)
MAINTAINABILITY,HIGH,java:S1192,pos-location,pos-location/src/main/java/com/positivity/location/internal/service/TravelBufferPolicyServiceImpl.java,98,8min,"Define a constant instead of duplicating this literal ""bufferValue"" 3 times.",fixed (PR #1495)
MAINTAINABILITY,HIGH,java:S1192,pos-location,pos-location/src/main/java/com/positivity/location/internal/service/TravelBufferPolicyServiceImpl.java,101,8min,"Define a constant instead of duplicating this literal ""notes"" 3 times.",fixed (PR #1495)
MAINTAINABILITY,HIGH,java:S1192,pos-marketing,pos-marketing/src/main/java/com/positivity/marketing/internal/service/CampaignReferenceValidator.java,64,12min,"Define a constant instead of duplicating this literal ""promotion offer "" 5 times.",fixed (PR #1495)
MAINTAINABILITY,HIGH,java:S1192,pos-mcp-server,pos-mcp-server/src/main/java/com/positivity/mcp/internal/discovery/OpenApiDocumentFetcher.java,167,8min,"Define a constant instead of duplicating this literal ""aggregate"" 3 times.",fixed (PR #1495)
MAINTAINABILITY,HIGH,java:S1192,pos-mcp-server,pos-mcp-server/src/main/java/com/positivity/mcp/internal/discovery/OpenApiToolMapper.java,191,8min,"Define a constant instead of duplicating this literal ""string"" 3 times.",fixed (PR #1495)
MAINTAINABILITY,HIGH,java:S1192,pos-mcp-server,pos-mcp-server/src/main/java/com/positivity/mcp/internal/repository/ToolMetadataRepositoryImpl.java,58,10min,"Define a constant instead of duplicating this literal ""varchar"" 4 times.",fixed (PR #1495)
MAINTAINABILITY,HIGH,java:S1192,pos-mcp-server,pos-mcp-server/src/main/java/com/positivity/mcp/internal/service/NltiWritePlanService.java,345,8min,"Define a constant instead of duplicating this literal ""tool="" 3 times.",fixed (PR #1495)
MAINTAINABILITY,HIGH,java:S1192,pos-mcp-server,pos-mcp-server/src/main/java/com/positivity/mcp/internal/service/OpenApiToolProvider.java,63,10min,"Define a constant instead of duplicating this literal ""properties"" 4 times.",fixed (PR #1495)
MAINTAINABILITY,HIGH,java:S1192,pos-mcp-server,pos-mcp-server/src/main/java/com/positivity/mcp/internal/service/OpenApiToolProvider.java,65,8min,"Define a constant instead of duplicating this literal ""string"" 3 times.",fixed (PR #1495)
MAINTAINABILITY,HIGH,java:S1192,pos-mcp-server,pos-mcp-server/src/main/java/com/positivity/mcp/internal/service/OpenApiToolProvider.java,68,8min,"Define a constant instead of duplicating this literal ""required"" 3 times.",fixed (PR #1495)
MAINTAINABILITY,HIGH,java:S1192,pos-mcp-server,pos-mcp-server/src/main/java/com/positivity/mcp/internal/service/OpenApiToolProvider.java,92,10min,"Define a constant instead of duplicating this literal ""Query-string parameters."" 4 times.",fixed (PR #1495)
MAINTAINABILITY,HIGH,java:S1192,pos-order,pos-order/src/main/java/com/positivity/order/internal/client/RestInvoicingPortAdapter.java,37,8min,"Define a constant instead of duplicating this literal ""X-User"" 3 times.",fixed (PR #1495)
MAINTAINABILITY,HIGH,java:S1192,pos-order,pos-order/src/main/java/com/positivity/order/internal/client/RestInvoicingPortAdapter.java,37,8min,"Define a constant instead of duplicating this literal ""pos-order"" 3 times.",fixed (PR #1495)
MAINTAINABILITY,HIGH,java:S1192,pos-order,pos-order/src/main/java/com/positivity/order/internal/client/RestInvoicingPortAdapter.java,38,8min,"Define a constant instead of duplicating this literal ""X-Authorities"" 3 times.",fixed (PR #1495)
MAINTAINABILITY,HIGH,java:S1192,pos-order,pos-order/src/main/java/com/positivity/order/internal/config/InventoryReplicaHealthIndicator.java,117,8min,"Define a constant instead of duplicating this literal ""replicaState"" 3 times.",fixed (PR #1495)
MAINTAINABILITY,HIGH,java:S1192,pos-order,pos-order/src/main/java/com/positivity/order/internal/config/OrderDomainEventPublisher.java,196,8min,"Define a constant instead of duplicating this literal ""order"" 3 times.",fixed (PR #1495)
MAINTAINABILITY,HIGH,java:S1192,pos-order,pos-order/src/main/java/com/positivity/order/internal/config/OrderDomainEventPublisher.java,204,8min,"Define a constant instead of duplicating this literal ""system"" 3 times.",fixed (PR #1495)
MAINTAINABILITY,HIGH,java:S1192,pos-order,pos-order/src/main/java/com/positivity/order/internal/service/CustomerEventsListener.java,98,8min,"Define a constant instead of duplicating this literal ""payload"" 3 times.",fixed (PR #1495)
MAINTAINABILITY,HIGH,java:S1192,pos-order,pos-order/src/main/java/com/positivity/order/internal/service/CustomerEventsListener.java,99,8min,"Define a constant instead of duplicating this literal ""partyId"" 3 times.",fixed (PR #1495)
MAINTAINABILITY,HIGH,java:S1192,pos-order,pos-order/src/main/java/com/positivity/order/internal/service/CustomerEventsListener.java,137,8min,"Define a constant instead of duplicating this literal ""creditLimit"" 3 times.",fixed (PR #1495)
MAINTAINABILITY,HIGH,java:S1192,pos-order,pos-order/src/main/java/com/positivity/order/internal/service/InventoryEventsListener.java,167,8min,"Define a constant instead of duplicating this literal ""payload"" 3 times.",fixed (PR #1495)
MAINTAINABILITY,HIGH,java:S1192,pos-order,pos-order/src/main/java/com/positivity/order/internal/service/OrderCancellationServiceImpl.java,77,8min,"Define a constant instead of duplicating this literal ""system"" 3 times.",fixed (PR #1495)
MAINTAINABILITY,HIGH,java:S1192,pos-order,pos-order/src/main/java/com/positivity/order/internal/service/PaymentEventsListener.java,134,10min,"Define a constant instead of duplicating this literal ""OTHER"" 4 times.",fixed (PR #1495)
MAINTAINABILITY,HIGH,java:S1192,pos-order,pos-order/src/main/java/com/positivity/order/internal/service/ReplicaSourceDocumentAdapter.java,83,8min,"Define a constant instead of duplicating this literal ""LABOR"" 3 times.",fixed (PR #1495)
MAINTAINABILITY,HIGH,java:S1192,pos-order,pos-order/src/main/java/com/positivity/order/internal/service/ReturnOrderServiceImpl.java,111,10min,"Define a constant instead of duplicating this literal ""system"" 4 times.",fixed (PR #1495)
MAINTAINABILITY,HIGH,java:S1192,pos-order,pos-order/src/main/java/com/positivity/order/internal/service/SalesOrderServiceImpl.java,142,12min,"Define a constant instead of duplicating this literal ""system"" 5 times.",fixed (PR #1495)
MAINTAINABILITY,HIGH,java:S1192,pos-order,pos-order/src/main/java/com/positivity/order/internal/service/SalesOrderServiceImpl.java,444,8min,"Define a constant instead of duplicating this literal ""ON_ACCOUNT"" 3 times.",fixed (PR #1495)
MAINTAINABILITY,HIGH,java:S1192,pos-order,pos-order/src/main/java/com/positivity/order/internal/service/SupplierOrderResultListener.java,122,10min,"Define a constant instead of duplicating this literal ""payload"" 4 times.",fixed (PR #1495)
MAINTAINABILITY,HIGH,java:S1192,pos-order,pos-order/src/main/java/com/positivity/order/internal/service/WorkorderEventsListener.java,132,8min,"Define a constant instead of duplicating this literal ""description"" 3 times.",fixed (PR #1495)
MAINTAINABILITY,HIGH,java:S1192,pos-order,pos-order/src/main/java/com/positivity/order/internal/service/WorkorderEventsListener.java,133,8min,"Define a constant instead of duplicating this literal ""quantity"" 3 times.",fixed (PR #1495)
MAINTAINABILITY,HIGH,java:S1192,pos-order,pos-order/src/main/java/com/positivity/order/internal/service/WorkorderEventsListener.java,134,8min,"Define a constant instead of duplicating this literal ""unitPrice"" 3 times.",fixed (PR #1495)
MAINTAINABILITY,HIGH,java:S1192,pos-order,pos-order/src/main/java/com/positivity/order/internal/service/WorkorderEventsListener.java,135,8min,"Define a constant instead of duplicating this literal ""lineTotal"" 3 times.",fixed (PR #1495)
MAINTAINABILITY,HIGH,java:S1192,pos-people-contact,pos-people-contact/src/main/java/com/positivity/peoplecontact/internal/config/PeopleContactCommandListener.java,123,8min,"Define a constant instead of duplicating this literal ""eventId"" 3 times.",fixed (PR #1495)
MAINTAINABILITY,HIGH,java:S1192,pos-people,pos-people/src/main/java/com/positivity/people/internal/service/LocationEventsListener.java,68,4min,Use already-defined constant 'OWNER' instead of duplicating its value here.,fixed (PR #1495)
MAINTAINABILITY,HIGH,java:S1192,pos-people,pos-people/src/main/java/com/positivity/people/internal/service/PeopleContactEventsListener.java,78,4min,Use already-defined constant 'OWNER' instead of duplicating its value here.,fixed (PR #1495)
MAINTAINABILITY,HIGH,java:S1192,pos-people,pos-people/src/main/java/com/positivity/people/internal/service/PeopleContactEventsListener.java,137,10min,"Define a constant instead of duplicating this literal ""payload"" 4 times.",fixed (PR #1495)
MAINTAINABILITY,HIGH,java:S1192,pos-people,pos-people/src/main/java/com/positivity/people/internal/service/TimeEntryServiceImpl.java,112,10min,"Define a constant instead of duplicating this literal ""system"" 4 times.",fixed (PR #1495)
MAINTAINABILITY,HIGH,java:S1192,pos-people,pos-people/src/main/java/com/positivity/people/internal/service/TimekeepingApprovalServiceImpl.java,73,10min,"Define a constant instead of duplicating this literal ""TimePeriod not found: "" 4 times.",fixed (PR #1495)
MAINTAINABILITY,HIGH,java:S1192,pos-people,pos-people/src/main/java/com/positivity/people/internal/service/TimekeepingIngestionServiceImpl.java,43,8min,"Define a constant instead of duplicating this literal ""shopmgr"" 3 times.",fixed (PR #1495)
MAINTAINABILITY,HIGH,java:S1192,pos-people,pos-people/src/main/java/com/positivity/people/internal/service/WorkSessionServiceImpl.java,118,8min,"Define a constant instead of duplicating this literal ""sessionId must not be null"" 3 times.",fixed (PR #1495)
MAINTAINABILITY,HIGH,java:S1192,pos-people,pos-people/src/main/java/com/positivity/people/internal/service/WorkorderEventsListener.java,61,4min,Use already-defined constant 'OWNER' instead of duplicating its value here.,fixed (PR #1495)
MAINTAINABILITY,HIGH,java:S1192,pos-security-service,pos-security-service/src/main/java/com/positivity/securityservice/internal/service/CustomerEventsListener.java,61,4min,Use already-defined constant 'OWNER' instead of duplicating its value here.,fixed (PR #1495)
MAINTAINABILITY,HIGH,java:S1192,pos-security-service,pos-security-service/src/main/java/com/positivity/securityservice/internal/service/PeopleContactEventsListener.java,74,4min,Use already-defined constant 'OWNER' instead of duplicating its value here.,fixed (PR #1495)
MAINTAINABILITY,HIGH,java:S1192,pos-security-service,pos-security-service/src/main/java/com/positivity/securityservice/internal/service/PeopleContactEventsListener.java,135,10min,"Define a constant instead of duplicating this literal ""payload"" 4 times.",fixed (PR #1495)
MAINTAINABILITY,HIGH,java:S1192,pos-security-service,pos-security-service/src/main/java/com/positivity/securityservice/internal/service/UserServiceImpl.java,45,8min,"Define a constant instead of duplicating this literal ""Role not found: "" 3 times.",fixed (PR #1495)
MAINTAINABILITY,HIGH,java:S1192,pos-shop-manager,pos-shop-manager/src/main/java/com/positivity/shopmanager/internal/service/CustomerEventsListener.java,61,4min,Use already-defined constant 'OWNER' instead of duplicating its value here.,fixed (PR #1495)
MAINTAINABILITY,HIGH,java:S1192,pos-shop-manager,pos-shop-manager/src/main/java/com/positivity/shopmanager/internal/service/PeopleContactEventsListener.java,63,4min,Use already-defined constant 'OWNER' instead of duplicating its value here.,fixed (PR #1495)
MAINTAINABILITY,HIGH,java:S1192,pos-shop-manager,pos-shop-manager/src/main/java/com/positivity/shopmanager/internal/service/PeopleEventsListener.java,58,4min,Use already-defined constant 'OWNER' instead of duplicating its value here.,fixed (PR #1495)
MAINTAINABILITY,HIGH,java:S1192,pos-shop-manager,pos-shop-manager/src/main/java/com/positivity/shopmanager/internal/service/VehicleEventsListener.java,60,4min,Use already-defined constant 'OWNER' instead of duplicating its value here.,fixed (PR #1495)
MAINTAINABILITY,HIGH,java:S1192,pos-supplier,pos-supplier/src/main/java/com/positivity/supplier/internal/adapter/ediwheelc12/EdiwheelC12MktCatCodec.java,63,10min,"Define a constant instead of duplicating this literal ""/treadDesignVariants/"" 4 times.",fixed (PR #1495)
MAINTAINABILITY,HIGH,java:S1192,pos-supplier,pos-supplier/src/main/java/com/positivity/supplier/internal/adapter/ediwheelc12/EdiwheelC12MktCatCodec.java,63,18min,"Define a constant instead of duplicating this literal ""application/json"" 8 times.",fixed (PR #1495)
MAINTAINABILITY,HIGH,java:S1192,pos-supplier,pos-supplier/src/main/java/com/positivity/supplier/internal/adapter/michelins2s/MichelinS2SWorkorderAuthCodec.java,134,18min,"Define a constant instead of duplicating this literal ""application/json"" 8 times.",fixed (PR #1495)
MAINTAINABILITY,HIGH,java:S1192,pos-supplier,pos-supplier/src/main/java/com/positivity/supplier/internal/config/SupplierYamlBootstrap.java,304,32min,"Define a constant instead of duplicating this literal ""profile '"" 15 times.",fixed (PR #1495)
MAINTAINABILITY,HIGH,java:S1192,pos-supplier,pos-supplier/src/main/java/com/positivity/supplier/internal/exception/SupplierExceptionHandler.java,231,10min,"Define a constant instead of duplicating this literal ""VALIDATION_ERROR"" 4 times.",fixed (PR #1495)
MAINTAINABILITY,HIGH,java:S1192,pos-supplier,pos-supplier/src/main/java/com/positivity/supplier/internal/service/AuthReferenceRules.java,47,8min,"Define a constant instead of duplicating this literal ""usernameRef"" 3 times.",fixed (PR #1495)
MAINTAINABILITY,HIGH,java:S1192,pos-supplier,pos-supplier/src/main/java/com/positivity/supplier/internal/service/AuthReferenceRules.java,48,8min,"Define a constant instead of duplicating this literal ""passwordRef"" 3 times.",fixed (PR #1495)
MAINTAINABILITY,HIGH,java:S1192,pos-supplier,pos-supplier/src/main/java/com/positivity/supplier/internal/service/AuthReferenceRules.java,49,8min,"Define a constant instead of duplicating this literal ""apiKeyRef"" 3 times.",fixed (PR #1495)
MAINTAINABILITY,HIGH,java:S1192,pos-supplier,pos-supplier/src/main/java/com/positivity/supplier/internal/service/AuthReferenceRules.java,50,8min,"Define a constant instead of duplicating this literal ""tokenUrlRef"" 3 times.",fixed (PR #1495)
MAINTAINABILITY,HIGH,java:S1192,pos-supplier,pos-supplier/src/main/java/com/positivity/supplier/internal/service/AuthReferenceRules.java,51,8min,"Define a constant instead of duplicating this literal ""clientIdRef"" 3 times.",fixed (PR #1495)
MAINTAINABILITY,HIGH,java:S1192,pos-supplier,pos-supplier/src/main/java/com/positivity/supplier/internal/service/AuthReferenceRules.java,52,8min,"Define a constant instead of duplicating this literal ""clientSecretRef"" 3 times.",fixed (PR #1495)
MAINTAINABILITY,HIGH,java:S1192,pos-supplier,pos-supplier/src/main/java/com/positivity/supplier/internal/service/AuthReferenceRules.java,53,8min,"Define a constant instead of duplicating this literal ""bearerTokenRef"" 3 times.",fixed (PR #1495)
MAINTAINABILITY,HIGH,java:S1192,pos-supplier,pos-supplier/src/main/java/com/positivity/supplier/internal/service/SupplierExchangeAuditServiceImpl.java,115,8min,"Define a constant instead of duplicating this literal ""exchangeAuditId must not be null"" 3 times.",fixed (PR #1495)
MAINTAINABILITY,HIGH,java:S1192,pos-supplier,pos-supplier/src/main/java/com/positivity/supplier/internal/service/SupplierProfileAdminServiceImpl.java,85,18min,"Define a constant instead of duplicating this literal ""request must not be null"" 8 times.",fixed (PR #1495)
MAINTAINABILITY,HIGH,java:S1192,pos-supplier,pos-supplier/src/main/java/com/positivity/supplier/internal/service/SupplierProfileAdminServiceImpl.java,367,8min,"Define a constant instead of duplicating this literal "" does not exist on vendor profile "" 3 times.",fixed (PR #1495)
MAINTAINABILITY,HIGH,java:S1192,pos-vehicle-reference-nhtsa,pos-vehicle-reference-nhtsa/src/main/java/com/positivity/nhtsa/internal/service/VehicleReferenceService.java,45,14min,"Define a constant instead of duplicating this literal ""Results"" 6 times.",fixed (PR #1495)
MAINTAINABILITY,HIGH,java:S1192,pos-vehicle-reference-nhtsa,pos-vehicle-reference-nhtsa/src/main/java/com/positivity/nhtsa/internal/service/VehicleReferenceService.java,65,10min,"Define a constant instead of duplicating this literal ""?format=json"" 4 times.",fixed (PR #1495)
MAINTAINABILITY,HIGH,java:S1192,pos-warranty,pos-warranty/src/main/java/com/positivity/warranty/internal/client/InvoiceClientImpl.java,59,12min,"Define a constant instead of duplicating this literal ""X-User"" 5 times.",fixed (PR #1495)
MAINTAINABILITY,HIGH,java:S1192,pos-warranty,pos-warranty/src/main/java/com/positivity/warranty/internal/client/InvoiceClientImpl.java,60,12min,"Define a constant instead of duplicating this literal ""X-Authorities"" 5 times.",fixed (PR #1495)
MAINTAINABILITY,HIGH,java:S1192,pos-warranty,pos-warranty/src/main/java/com/positivity/warranty/internal/exception/WarrantyExceptionHandler.java,96,8min,"Define a constant instead of duplicating this literal ""VALIDATION_ERROR"" 3 times.",fixed (PR #1495)
MAINTAINABILITY,HIGH,java:S1192,pos-warranty,pos-warranty/src/main/java/com/positivity/warranty/internal/service/CatalogEventsListener.java,65,4min,Use already-defined constant 'OWNER' instead of duplicating its value here.,fixed (PR #1495)
MAINTAINABILITY,HIGH,java:S1192,pos-warranty,pos-warranty/src/main/java/com/positivity/warranty/internal/service/EligibilityServiceImpl.java,106,10min,"Define a constant instead of duplicating this literal ""policyMatch"" 4 times.",fixed (PR #1495)
MAINTAINABILITY,HIGH,java:S1192,pos-warranty,pos-warranty/src/main/java/com/positivity/warranty/internal/service/InvoiceEventsListener.java,72,4min,Use already-defined constant 'OWNER' instead of duplicating its value here.,fixed (PR #1495)
MAINTAINABILITY,HIGH,java:S1192,pos-warranty,pos-warranty/src/main/java/com/positivity/warranty/internal/service/VehicleEventsListener.java,64,4min,Use already-defined constant 'OWNER' instead of duplicating its value here.,fixed (PR #1495)
MAINTAINABILITY,HIGH,java:S1192,pos-warranty,pos-warranty/src/main/java/com/positivity/warranty/internal/service/WorkorderEventsListener.java,72,4min,Use already-defined constant 'OWNER' instead of duplicating its value here.,fixed (PR #1495)
MAINTAINABILITY,HIGH,java:S1192,pos-web-common,pos-web-common/src/main/java/com/positivity/web/common/GlobalApiExceptionHandler.java,185,10min,"Define a constant instead of duplicating this literal ""VALIDATION_ERROR"" 4 times.",fixed (PR #1495)
MAINTAINABILITY,HIGH,java:S1192,pos-workorder,pos-workorder/src/main/java/com/positivity/workorder/internal/config/InventoryReplicaHealthIndicator.java,114,8min,"Define a constant instead of duplicating this literal ""replicaState"" 3 times.",fixed (PR #1495)
MAINTAINABILITY,HIGH,java:S1192,pos-workorder,pos-workorder/src/main/java/com/positivity/workorder/internal/service/CustomerEventsListener.java,61,4min,Use already-defined constant 'OWNER' instead of duplicating its value here.,fixed (PR #1495)
MAINTAINABILITY,HIGH,java:S1192,pos-workorder,pos-workorder/src/main/java/com/positivity/workorder/internal/service/DashboardServiceImpl.java,209,8min,"Define a constant instead of duplicating this literal ""BLOCKING"" 3 times.",fixed (PR #1495)
MAINTAINABILITY,HIGH,java:S1192,pos-workorder,pos-workorder/src/main/java/com/positivity/workorder/internal/service/DashboardServiceImpl.java,226,12min,"Define a constant instead of duplicating this literal ""Mechanic "" 5 times.",fixed (PR #1495)
MAINTAINABILITY,HIGH,java:S1192,pos-workorder,pos-workorder/src/main/java/com/positivity/workorder/internal/service/DashboardServiceImpl.java,261,10min,"Define a constant instead of duplicating this literal ""WARNING"" 4 times.",fixed (PR #1495)
MAINTAINABILITY,HIGH,java:S1192,pos-workorder,pos-workorder/src/main/java/com/positivity/workorder/internal/service/InventoryEventsListener.java,86,4min,Use already-defined constant 'OWNER' instead of duplicating its value here.,fixed (PR #1495)
MAINTAINABILITY,HIGH,java:S1192,pos-workorder,pos-workorder/src/main/java/com/positivity/workorder/internal/service/InventoryEventsListener.java,155,12min,"Define a constant instead of duplicating this literal ""payload"" 5 times.",fixed (PR #1495)
MAINTAINABILITY,HIGH,java:S1192,pos-workorder,pos-workorder/src/main/java/com/positivity/workorder/internal/service/InventoryEventsListener.java,162,8min,"Define a constant instead of duplicating this literal ""aggregateVersion"" 3 times.",fixed (PR #1495)
MAINTAINABILITY,HIGH,java:S1192,pos-workorder,pos-workorder/src/main/java/com/positivity/workorder/internal/service/InvoiceEventsListener.java,78,4min,Use already-defined constant 'OWNER' instead of duplicating its value here.,fixed (PR #1495)
MAINTAINABILITY,HIGH,java:S1192,pos-workorder,pos-workorder/src/main/java/com/positivity/workorder/internal/service/LocationEventsListener.java,67,4min,Use already-defined constant 'OWNER' instead of duplicating its value here.,fixed (PR #1495)
MAINTAINABILITY,HIGH,java:S1192,pos-workorder,pos-workorder/src/main/java/com/positivity/workorder/internal/service/OrderEventsListener.java,66,4min,Use already-defined constant 'OWNER' instead of duplicating its value here.,fixed (PR #1495)
MAINTAINABILITY,HIGH,java:S1192,pos-workorder,pos-workorder/src/main/java/com/positivity/workorder/internal/service/PeopleReplicaEventsListener.java,157,12min,"Define a constant instead of duplicating this literal ""payload"" 5 times.",fixed (PR #1495)
MAINTAINABILITY,HIGH,java:S1192,pos-workorder,pos-workorder/src/main/java/com/positivity/workorder/internal/service/PeopleReplicaEventsListener.java,158,8min,"Define a constant instead of duplicating this literal ""aggregateVersion"" 3 times.",fixed (PR #1495)
MAINTAINABILITY,HIGH,java:S1948,pos-shop-manager,pos-shop-manager/src/main/java/com/positivity/shopmanager/internal/exception/SchedulingConflictException.java,11,30min,"Make non-static ""conflictResponse"" transient or serializable.",fixed (PR #1491)
MAINTAINABILITY,HIGH,java:S3252,pos-customer,pos-customer/src/main/java/com/positivity/customer/internal/service/PartyServiceImpl.java,721,5min,"Use static access with ""com.positivity.customer.internal.entity.AbstractParty_"" for ""PARTY_ID"".",fixed (PR #1491)
MAINTAINABILITY,HIGH,java:S3252,pos-customer,pos-customer/src/main/java/com/positivity/customer/internal/service/PartyServiceImpl.java,733,5min,"Use static access with ""com.positivity.customer.internal.entity.AbstractParty_"" for ""PARTY_ID"".",fixed (PR #1491)
MAINTAINABILITY,HIGH,java:S3252,pos-customer,pos-customer/src/main/java/com/positivity/customer/internal/service/PartyServiceImpl.java,735,5min,"Use static access with ""com.positivity.customer.internal.entity.AbstractParty_"" for ""PARTY_ID"".",fixed (PR #1491)
MAINTAINABILITY,HIGH,java:S3252,pos-security-service,pos-security-service/src/main/java/com/positivity/securityservice/internal/config/HttpToHttpsRedirectConfig.java,46,5min,"Use static access with ""org.springframework.boot.tomcat.TomcatWebServerFactory"" for ""DEFAULT_PROTOCOL"".",fixed (PR #1491)
MAINTAINABILITY,HIGH,java:S3776,pos-accounting,pos-accounting/src/main/java/com/positivity/accounting/internal/service/BankReconciliationServiceImpl.java,186,9min,Refactor this method to reduce its Cognitive Complexity from 19 to the 15 allowed.,refactored with characterisation tests (part 4)
MAINTAINABILITY,HIGH,java:S3776,pos-accounting,pos-accounting/src/main/java/com/positivity/accounting/internal/service/BankReconciliationServiceImpl.java,274,8min,Refactor this method to reduce its Cognitive Complexity from 18 to the 15 allowed.,refactored with characterisation tests (part 4)
MAINTAINABILITY,HIGH,java:S3776,pos-accounting,pos-accounting/src/main/java/com/positivity/accounting/internal/service/BankStatementCsvParser.java,171,6min,Refactor this method to reduce its Cognitive Complexity from 16 to the 15 allowed.,open
MAINTAINABILITY,HIGH,java:S3776,pos-accounting,pos-accounting/src/main/java/com/positivity/accounting/internal/service/FinancialReportingServiceImpl.java,777,6min,Refactor this method to reduce its Cognitive Complexity from 16 to the 15 allowed.,open
MAINTAINABILITY,HIGH,java:S3776,pos-accounting,pos-accounting/src/main/java/com/positivity/accounting/internal/service/LaborOverheadReportServiceImpl.java,166,9min,Refactor this method to reduce its Cognitive Complexity from 19 to the 15 allowed.,open
MAINTAINABILITY,HIGH,java:S3776,pos-accounting,pos-accounting/src/main/java/com/positivity/accounting/internal/service/MappingResolutionTestServiceImpl.java,263,6min,Refactor this method to reduce its Cognitive Complexity from 16 to the 15 allowed.,open
MAINTAINABILITY,HIGH,java:S3776,pos-accounting,pos-accounting/src/main/java/com/positivity/accounting/internal/service/PostingEngineOrchestrator.java,94,9min,Refactor this method to reduce its Cognitive Complexity from 19 to the 15 allowed.,open
MAINTAINABILITY,HIGH,java:S3776,pos-accounting,pos-accounting/src/main/java/com/positivity/accounting/internal/service/PostingRuleDefinitionValidator.java,96,10min,Refactor this method to reduce its Cognitive Complexity from 20 to the 15 allowed.,refactored with characterisation tests (part 4)
MAINTAINABILITY,HIGH,java:S3776,pos-accounting,pos-accounting/src/main/java/com/positivity/accounting/internal/service/PostingRuleEvaluatorImpl.java,122,9min,Refactor this method to reduce its Cognitive Complexity from 19 to the 15 allowed.,refactored with characterisation tests (PR #1501)
MAINTAINABILITY,HIGH,java:S3776,pos-accounting,pos-accounting/src/main/java/com/positivity/accounting/internal/service/PostingRuleEvaluatorImpl.java,401,12min,Refactor this method to reduce its Cognitive Complexity from 22 to the 15 allowed.,refactored with characterisation tests (PR #1501)
MAINTAINABILITY,HIGH,java:S3776,pos-accounting,pos-accounting/src/main/java/com/positivity/accounting/internal/service/PostingRuleEvaluatorImpl.java,503,11min,Refactor this method to reduce its Cognitive Complexity from 21 to the 15 allowed.,refactored with characterisation tests (PR #1501)
MAINTAINABILITY,HIGH,java:S3776,pos-accounting,pos-accounting/src/main/java/com/positivity/accounting/internal/service/PostingRuleEvaluatorImpl.java,617,8min,Refactor this method to reduce its Cognitive Complexity from 18 to the 15 allowed.,refactored with characterisation tests (PR #1501)
MAINTAINABILITY,HIGH,java:S3776,pos-accounting,pos-accounting/src/main/java/com/positivity/accounting/internal/service/PredicateParser.java,383,27min,Refactor this method to reduce its Cognitive Complexity from 37 to the 15 allowed.,refactored with characterisation tests (PR #1498)
MAINTAINABILITY,HIGH,java:S3776,pos-catalog,pos-catalog/src/main/java/com/positivity/catalog/internal/service/ProductDetailServiceImpl.java,441,6min,Refactor this method to reduce its Cognitive Complexity from 16 to the 15 allowed.,open
MAINTAINABILITY,HIGH,java:S3776,pos-customer,pos-customer/src/main/java/com/positivity/customer/internal/service/AccountTierServiceImpl.java,136,10min,Refactor this method to reduce its Cognitive Complexity from 20 to the 15 allowed.,refactored with characterisation tests (part 4)
MAINTAINABILITY,HIGH,java:S3776,pos-customer,pos-customer/src/main/java/com/positivity/customer/internal/service/ContactRoleServiceImpl.java,73,9min,Refactor this method to reduce its Cognitive Complexity from 19 to the 15 allowed.,open
MAINTAINABILITY,HIGH,java:S3776,pos-customer,pos-customer/src/main/java/com/positivity/customer/internal/service/PartyRelationshipServiceImpl.java,180,10min,Refactor this method to reduce its Cognitive Complexity from 20 to the 15 allowed.,refactored with characterisation tests (part 4)
MAINTAINABILITY,HIGH,java:S3776,pos-customer,pos-customer/src/main/java/com/positivity/customer/internal/service/PartyServiceImpl.java,277,7min,Refactor this method to reduce its Cognitive Complexity from 17 to the 15 allowed.,open
MAINTAINABILITY,HIGH,java:S3776,pos-customer,pos-customer/src/main/java/com/positivity/customer/internal/service/PartyServiceImpl.java,757,6min,Refactor this method to reduce its Cognitive Complexity from 16 to the 15 allowed.,open
MAINTAINABILITY,HIGH,java:S3776,pos-customer,pos-customer/src/main/java/com/positivity/customer/internal/service/PersonDirectoryService.java,126,10min,Refactor this method to reduce its Cognitive Complexity from 20 to the 15 allowed.,refactored with characterisation tests (part 4)
MAINTAINABILITY,HIGH,java:S3776,pos-customer,pos-customer/src/main/java/com/positivity/customer/internal/service/SegmentResolutionService.java,166,14min,Refactor this method to reduce its Cognitive Complexity from 24 to the 15 allowed.,refactored with characterisation tests (PR #1501)
MAINTAINABILITY,HIGH,java:S3776,pos-domain-events,pos-domain-events/src/main/java/com/positivity/domainevents/inventory/TransferOrderUpdatedV1.java,47,6min,Refactor this method to reduce its Cognitive Complexity from 16 to the 15 allowed.,open
MAINTAINABILITY,HIGH,java:S3776,pos-inventory,pos-inventory/src/main/java/com/positivity/inventory/internal/service/AsnServiceImpl.java,168,15min,Refactor this method to reduce its Cognitive Complexity from 25 to the 15 allowed.,refactored with characterisation tests (PR #1501)
MAINTAINABILITY,HIGH,java:S3776,pos-inventory,pos-inventory/src/main/java/com/positivity/inventory/internal/service/CycleCountScheduleServiceImpl.java,147,9min,Refactor this method to reduce its Cognitive Complexity from 19 to the 15 allowed.,open
MAINTAINABILITY,HIGH,java:S3776,pos-inventory,pos-inventory/src/main/java/com/positivity/inventory/internal/service/DistributorFeedServiceImpl.java,130,7min,Refactor this method to reduce its Cognitive Complexity from 17 to the 15 allowed.,open
MAINTAINABILITY,HIGH,java:S3776,pos-inventory,pos-inventory/src/main/java/com/positivity/inventory/internal/service/InventoryFactPublisher.java,282,42min,Refactor this method to reduce its Cognitive Complexity from 52 to the 15 allowed.,refactored with characterisation tests (PR #1498)
MAINTAINABILITY,HIGH,java:S3776,pos-inventory,pos-inventory/src/main/java/com/positivity/inventory/internal/service/LedgerPostingServiceImpl.java,130,6min,Refactor this method to reduce its Cognitive Complexity from 16 to the 15 allowed.,open
MAINTAINABILITY,HIGH,java:S3776,pos-inventory,pos-inventory/src/main/java/com/positivity/inventory/internal/service/ReceivingServiceImpl.java,114,16min,Refactor this method to reduce its Cognitive Complexity from 26 to the 15 allowed.,refactored with characterisation tests (PR #1500)
MAINTAINABILITY,HIGH,java:S3776,pos-inventory,pos-inventory/src/main/java/com/positivity/inventory/internal/service/ReceivingServiceImpl.java,225,8min,Refactor this method to reduce its Cognitive Complexity from 18 to the 15 allowed.,open
MAINTAINABILITY,HIGH,java:S3776,pos-inventory,pos-inventory/src/main/java/com/positivity/inventory/internal/service/ReplenishmentServiceImpl.java,308,17min,Refactor this method to reduce its Cognitive Complexity from 27 to the 15 allowed.,refactored with characterisation tests (PR #1500)
MAINTAINABILITY,HIGH,java:S3776,pos-inventory,pos-inventory/src/main/java/com/positivity/inventory/internal/service/ReplenishmentServiceImpl.java,516,7min,Refactor this method to reduce its Cognitive Complexity from 17 to the 15 allowed.,open
MAINTAINABILITY,HIGH,java:S3776,pos-inventory,pos-inventory/src/main/java/com/positivity/inventory/internal/service/ReplenishmentSourcingService.java,153,9min,Refactor this method to reduce its Cognitive Complexity from 19 to the 15 allowed.,open
MAINTAINABILITY,HIGH,java:S3776,pos-inventory,pos-inventory/src/main/java/com/positivity/inventory/internal/service/SupplierStockHintResolver.java,92,7min,Refactor this method to reduce its Cognitive Complexity from 17 to the 15 allowed.,open
MAINTAINABILITY,HIGH,java:S3776,pos-invoice,pos-invoice/src/main/java/com/positivity/invoice/internal/service/InvoiceTaxBreakdownWriter.java,48,8min,Refactor this method to reduce its Cognitive Complexity from 18 to the 15 allowed.,open
MAINTAINABILITY,HIGH,java:S3776,pos-invoice,pos-invoice/src/main/java/com/positivity/invoice/internal/service/OrderInvoiceServiceImpl.java,66,6min,Refactor this method to reduce its Cognitive Complexity from 16 to the 15 allowed.,open
MAINTAINABILITY,HIGH,java:S3776,pos-invoice,pos-invoice/src/main/java/com/positivity/invoice/internal/service/PaymentReversalServiceImpl.java,122,8min,Refactor this method to reduce its Cognitive Complexity from 18 to the 15 allowed.,open
MAINTAINABILITY,HIGH,java:S3776,pos-marketing,pos-marketing/src/main/java/com/positivity/marketing/internal/service/CampaignServiceImpl.java,195,6min,Refactor this method to reduce its Cognitive Complexity from 16 to the 15 allowed.,open
MAINTAINABILITY,HIGH,java:S3776,pos-mcp-server,pos-mcp-server/src/main/java/com/positivity/mcp/internal/service/ToolRegistrationServiceImpl.java,183,7min,Refactor this method to reduce its Cognitive Complexity from 17 to the 15 allowed.,open
MAINTAINABILITY,HIGH,java:S3776,pos-openapi-validation,pos-openapi-validation/src/main/java/com/positivity/openapivalidation/internal/validator/OpenApiModuleValidator.java,27,12min,Refactor this method to reduce its Cognitive Complexity from 22 to the 15 allowed.,refactored with characterisation tests (part 4)
MAINTAINABILITY,HIGH,java:S3776,pos-order,pos-order/src/main/java/com/positivity/order/internal/service/ReturnOrderServiceImpl.java,85,12min,Refactor this method to reduce its Cognitive Complexity from 22 to the 15 allowed.,refactored with characterisation tests (PR #1501)
MAINTAINABILITY,HIGH,java:S3776,pos-order,pos-order/src/main/java/com/positivity/order/internal/service/SalesOrderServiceImpl.java,298,8min,Refactor this method to reduce its Cognitive Complexity from 18 to the 15 allowed.,open
MAINTAINABILITY,HIGH,java:S3776,pos-price,pos-price/src/main/java/com/positivity/price/internal/service/EligibilityEvaluationServiceImpl.java,131,47min,Refactor this method to reduce its Cognitive Complexity from 57 to the 15 allowed.,refactored with characterisation tests (PR #1498)
MAINTAINABILITY,HIGH,java:S3776,pos-security-service,pos-security-service/src/main/java/com/positivity/securityservice/internal/service/CrmSignalService.java,40,15min,Refactor this method to reduce its Cognitive Complexity from 25 to the 15 allowed.,refactored with characterisation tests (PR #1501)
MAINTAINABILITY,HIGH,java:S3776,pos-shop-manager,pos-shop-manager/src/main/java/com/positivity/shopmanager/internal/service/AppointmentsServiceImpl.java,124,9min,Refactor this method to reduce its Cognitive Complexity from 19 to the 15 allowed.,open
MAINTAINABILITY,HIGH,java:S3776,pos-shop-manager,pos-shop-manager/src/main/java/com/positivity/shopmanager/internal/service/MechanicSyncServiceImpl.java,75,6min,Refactor this method to reduce its Cognitive Complexity from 16 to the 15 allowed.,open
MAINTAINABILITY,HIGH,java:S3776,pos-supplier,pos-supplier/src/main/java/com/positivity/supplier/internal/adapter/ediwheelb/EdiwheelB21StockReportCodec.java,117,7min,Refactor this method to reduce its Cognitive Complexity from 17 to the 15 allowed.,open
MAINTAINABILITY,HIGH,java:S3776,pos-supplier,pos-supplier/src/main/java/com/positivity/supplier/internal/adapter/ediwheelb/EdiwheelB40PricatCodec.java,110,7min,Refactor this method to reduce its Cognitive Complexity from 17 to the 15 allowed.,open
MAINTAINABILITY,HIGH,java:S3776,pos-supplier,pos-supplier/src/main/java/com/positivity/supplier/internal/adapter/ediwheelc1/EdiwheelC11OrderStatusCodec.java,155,7min,Refactor this method to reduce its Cognitive Complexity from 17 to the 15 allowed.,refactored with characterisation tests (part 4)
MAINTAINABILITY,HIGH,java:S3776,pos-supplier,pos-supplier/src/main/java/com/positivity/supplier/internal/adapter/ediwheelc1/EdiwheelC11OrderStatusCodec.java,251,11min,Refactor this method to reduce its Cognitive Complexity from 21 to the 15 allowed.,refactored with characterisation tests (part 4)
MAINTAINABILITY,HIGH,java:S3776,pos-supplier,pos-supplier/src/main/java/com/positivity/supplier/internal/adapter/ediwheelc12/EdiwheelC12MktCatCodec.java,231,15min,Refactor this method to reduce its Cognitive Complexity from 25 to the 15 allowed.,refactored with characterisation tests (PR #1500)
MAINTAINABILITY,HIGH,java:S3776,pos-supplier,pos-supplier/src/main/java/com/positivity/supplier/internal/config/SupplierYamlBootstrap.java,405,21min,Refactor this method to reduce its Cognitive Complexity from 31 to the 15 allowed.,refactored with characterisation tests (PR #1500)
MAINTAINABILITY,HIGH,java:S3776,pos-tax,pos-tax/src/main/java/com/positivity/tax/internal/service/AvalaraTaxProvider.java,188,6min,Refactor this method to reduce its Cognitive Complexity from 16 to the 15 allowed.,open
MAINTAINABILITY,HIGH,java:S3776,pos-tax,pos-tax/src/main/java/com/positivity/tax/internal/service/AvalaraTaxProvider.java,260,24min,Refactor this method to reduce its Cognitive Complexity from 34 to the 15 allowed.,refactored with characterisation tests (PR #1498)
MAINTAINABILITY,HIGH,java:S3776,pos-tax,pos-tax/src/main/java/com/positivity/tax/internal/service/TestModeTaxCalculator.java,273,12min,Refactor this method to reduce its Cognitive Complexity from 22 to the 15 allowed.,refactored with characterisation tests (part 4)
MAINTAINABILITY,HIGH,java:S3776,pos-warranty,pos-warranty/src/main/java/com/positivity/warranty/internal/service/ClaimServiceImpl.java,519,20min,Refactor this method to reduce its Cognitive Complexity from 30 to the 15 allowed.,refactored with characterisation tests (PR #1500)
MAINTAINABILITY,HIGH,java:S3776,pos-warranty,pos-warranty/src/main/java/com/positivity/warranty/internal/service/EligibilityServiceImpl.java,71,24min,Refactor this method to reduce its Cognitive Complexity from 34 to the 15 allowed.,refactored with characterisation tests (PR #1498)
MAINTAINABILITY,HIGH,java:S3776,pos-warranty,pos-warranty/src/main/java/com/positivity/warranty/internal/service/EligibilityServiceImpl.java,233,8min,Refactor this method to reduce its Cognitive Complexity from 18 to the 15 allowed.,open
MAINTAINABILITY,HIGH,java:S3776,pos-warranty,pos-warranty/src/main/java/com/positivity/warranty/internal/service/PartReturnServiceImpl.java,152,9min,Refactor this method to reduce its Cognitive Complexity from 19 to the 15 allowed.,open
MAINTAINABILITY,HIGH,java:S3776,pos-warranty,pos-warranty/src/main/java/com/positivity/warranty/internal/service/ProrationService.java,45,7min,Refactor this method to reduce its Cognitive Complexity from 17 to the 15 allowed.,open
MAINTAINABILITY,HIGH,java:S3776,pos-workorder,pos-workorder/src/main/java/com/positivity/workorder/internal/service/DashboardServiceImpl.java,233,8min,Refactor this method to reduce its Cognitive Complexity from 18 to the 15 allowed.,open
MAINTAINABILITY,HIGH,java:S3776,pos-workorder,pos-workorder/src/main/java/com/positivity/workorder/internal/service/DashboardServiceImpl.java,333,8min,Refactor this method to reduce its Cognitive Complexity from 18 to the 15 allowed.,open
MAINTAINABILITY,HIGH,java:S3776,pos-workorder,pos-workorder/src/main/java/com/positivity/workorder/internal/service/EstimateServiceImpl.java,946,7min,Refactor this method to reduce its Cognitive Complexity from 17 to the 15 allowed.,open
MAINTAINABILITY,HIGH,java:S6809,pos-accounting,pos-accounting/src/main/java/com/positivity/accounting/internal/service/AccountingPeriodServiceImpl.java,108,5min,Call transactional methods via an injected dependency instead of directly via 'this'.,no action - caller already holds an equivalent transaction (PR #1488 triage)
MAINTAINABILITY,HIGH,java:S6809,pos-customer,pos-customer/src/main/java/com/positivity/customer/internal/config/CustomerCommandListener.java,98,5min,Call transactional methods via an injected dependency instead of directly via 'this'.,fixed - moved into collaborator bean (PR #1488)
MAINTAINABILITY,HIGH,java:S6809,pos-customer,pos-customer/src/main/java/com/positivity/customer/internal/config/CustomerCommandListener.java,102,5min,Call transactional methods via an injected dependency instead of directly via 'this'.,fixed - moved into collaborator bean (PR #1488)
MAINTAINABILITY,HIGH,java:S6809,pos-customer,pos-customer/src/main/java/com/positivity/customer/internal/service/CrmVehicleServiceImpl.java,98,5min,Call transactional methods via an injected dependency instead of directly via 'this'.,no action - caller already holds an equivalent transaction (PR #1488 triage)
MAINTAINABILITY,HIGH,java:S6809,pos-customer,pos-customer/src/main/java/com/positivity/customer/internal/service/MarketingConsentServiceImpl.java,188,5min,Call transactional methods via an injected dependency instead of directly via 'this'.,no action - caller already holds an equivalent transaction (PR #1488 triage)
MAINTAINABILITY,HIGH,java:S6809,pos-customer,pos-customer/src/main/java/com/positivity/customer/internal/service/MarketingConsentServiceImpl.java,221,5min,Call transactional methods via an injected dependency instead of directly via 'this'.,no action - caller already holds an equivalent transaction (PR #1488 triage)
MAINTAINABILITY,HIGH,java:S6809,pos-customer,pos-customer/src/main/java/com/positivity/customer/internal/service/MarketingConsentServiceImpl.java,222,5min,Call transactional methods via an injected dependency instead of directly via 'this'.,no action - caller already holds an equivalent transaction (PR #1488 triage)
MAINTAINABILITY,HIGH,java:S6809,pos-customer,pos-customer/src/main/java/com/positivity/customer/internal/service/PartyServiceImpl.java,231,5min,Call transactional methods via an injected dependency instead of directly via 'this'.,no action - caller already holds an equivalent transaction (PR #1488 triage)
MAINTAINABILITY,HIGH,java:S6809,pos-customer,pos-customer/src/main/java/com/positivity/customer/internal/service/PersonServiceImpl.java,231,5min,Call transactional methods via an injected dependency instead of directly via 'this'.,no action - caller already holds an equivalent transaction (PR #1488 triage)
MAINTAINABILITY,HIGH,java:S6809,pos-customer,pos-customer/src/main/java/com/positivity/customer/internal/service/SegmentResolutionService.java,131,5min,Call transactional methods via an injected dependency instead of directly via 'this'.,no action - caller already holds an equivalent transaction (PR #1488 triage)
MAINTAINABILITY,HIGH,java:S6809,pos-customer,pos-customer/src/main/java/com/positivity/customer/internal/service/SegmentResolutionService.java,161,5min,Call transactional methods via an injected dependency instead of directly via 'this'.,no action - caller already holds an equivalent transaction (PR #1488 triage)
MAINTAINABILITY,HIGH,java:S6809,pos-inventory,pos-inventory/src/main/java/com/positivity/inventory/internal/service/InventoryAvailabilityServiceImpl.java,102,5min,Call transactional methods via an injected dependency instead of directly via 'this'.,no action - caller already holds an equivalent transaction (PR #1488 triage)
MAINTAINABILITY,HIGH,java:S6809,pos-inventory,pos-inventory/src/main/java/com/positivity/inventory/internal/service/InventoryAvailabilityServiceImpl.java,159,5min,Call transactional methods via an injected dependency instead of directly via 'this'.,no action - caller already holds an equivalent transaction (PR #1488 triage)
MAINTAINABILITY,HIGH,java:S6809,pos-inventory,pos-inventory/src/main/java/com/positivity/inventory/internal/service/InventoryLeadTimeServiceImpl.java,45,5min,Call transactional methods via an injected dependency instead of directly via 'this'.,no action - caller already holds an equivalent transaction (PR #1488 triage)
MAINTAINABILITY,HIGH,java:S6809,pos-inventory,pos-inventory/src/main/java/com/positivity/inventory/internal/service/LedgerPostingServiceImpl.java,113,5min,Call transactional methods via an injected dependency instead of directly via 'this'.,no action - caller already holds an equivalent transaction (PR #1488 triage)
MAINTAINABILITY,HIGH,java:S6809,pos-inventory,pos-inventory/src/main/java/com/positivity/inventory/internal/service/LedgerPostingServiceImpl.java,119,5min,Call transactional methods via an injected dependency instead of directly via 'this'.,no action - caller already holds an equivalent transaction (PR #1488 triage)
MAINTAINABILITY,HIGH,java:S6809,pos-inventory,pos-inventory/src/main/java/com/positivity/inventory/internal/service/LedgerPostingServiceImpl.java,125,5min,Call transactional methods via an injected dependency instead of directly via 'this'.,no action - caller already holds an equivalent transaction (PR #1488 triage)
MAINTAINABILITY,HIGH,java:S6809,pos-inventory,pos-inventory/src/main/java/com/positivity/inventory/internal/service/SourcingStrategyServiceImpl.java,89,5min,Call transactional methods via an injected dependency instead of directly via 'this'.,no action - caller already holds an equivalent transaction (PR #1488 triage)
MAINTAINABILITY,HIGH,java:S6809,pos-inventory,pos-inventory/src/main/java/com/positivity/inventory/internal/service/UomConversionServiceImpl.java,78,5min,Call transactional methods via an injected dependency instead of directly via 'this'.,no action - caller already holds an equivalent transaction (PR #1488 triage)
MAINTAINABILITY,HIGH,java:S6809,pos-location,pos-location/src/main/java/com/positivity/location/internal/service/ServiceAreaServiceImpl.java,50,5min,Call transactional methods via an injected dependency instead of directly via 'this'.,no action - caller already holds an equivalent transaction (PR #1488 triage)
MAINTAINABILITY,HIGH,java:S6809,pos-location,pos-location/src/main/java/com/positivity/location/internal/service/TravelBufferPolicyServiceImpl.java,48,5min,Call transactional methods via an injected dependency instead of directly via 'this'.,no action - caller already holds an equivalent transaction (PR #1488 triage)
MAINTAINABILITY,HIGH,java:S6809,pos-marketing,pos-marketing/src/main/java/com/positivity/marketing/internal/service/AudienceEligibilityService.java,137,5min,Call transactional methods via an injected dependency instead of directly via 'this'.,no action - caller already holds an equivalent transaction (PR #1488 triage)
MAINTAINABILITY,HIGH,java:S6809,pos-price,pos-price/src/main/java/com/positivity/price/internal/service/PromotionOfferServiceImpl.java,103,5min,Call transactional methods via an injected dependency instead of directly via 'this'.,no action - caller already holds an equivalent transaction (PR #1488 triage)
MAINTAINABILITY,HIGH,java:S6809,pos-price,pos-price/src/main/java/com/positivity/price/internal/service/PromotionOfferServiceImpl.java,119,5min,Call transactional methods via an injected dependency instead of directly via 'this'.,no action - caller already holds an equivalent transaction (PR #1488 triage)
MAINTAINABILITY,HIGH,java:S6809,pos-supplier,pos-supplier/src/main/java/com/positivity/supplier/internal/config/SupplierYamlBootstrap.java,93,5min,Call transactional methods via an injected dependency instead of directly via 'this'.,no action - caller already holds an equivalent transaction (PR #1488 triage)
MAINTAINABILITY,HIGH,java:S6809,pos-supplier,pos-supplier/src/main/java/com/positivity/supplier/internal/mktcat/service/MktCatImporter.java,152,5min,Call transactional methods via an injected dependency instead of directly via 'this'.,fixed - moved into collaborator bean (PR #1488)
MAINTAINABILITY,HIGH,java:S6809,pos-supplier,pos-supplier/src/main/java/com/positivity/supplier/internal/workorderauth/service/WorkorderCompletionApprover.java,133,5min,Call transactional methods via an injected dependency instead of directly via 'this'.,fixed - moved into collaborator bean (PR #1488)
MAINTAINABILITY,HIGH,java:S6809,pos-supplier,pos-supplier/src/main/java/com/positivity/supplier/internal/workorderauth/service/WorkorderCompletionApprover.java,143,5min,Call transactional methods via an injected dependency instead of directly via 'this'.,fixed - moved into collaborator bean (PR #1488)
MAINTAINABILITY,HIGH,java:S6809,pos-supplier,pos-supplier/src/main/java/com/positivity/supplier/internal/workorderauth/service/WorkorderCompletionApprover.java,163,5min,Call transactional methods via an injected dependency instead of directly via 'this'.,fixed - moved into collaborator bean (PR #1488)
MAINTAINABILITY,HIGH,java:S6809,pos-supplier,pos-supplier/src/main/java/com/positivity/supplier/internal/workorderauth/service/WorkorderCompletionApprover.java,171,5min,Call transactional methods via an injected dependency instead of directly via 'this'.,fixed - moved into collaborator bean (PR #1488)
MAINTAINABILITY,HIGH,java:S6809,pos-supplier,pos-supplier/src/main/java/com/positivity/supplier/internal/workorderauth/service/WorkorderCompletionApprover.java,174,5min,Call transactional methods via an injected dependency instead of directly via 'this'.,fixed - moved into collaborator bean (PR #1488)
MAINTAINABILITY,HIGH,java:S6809,pos-vehicle-inventory,pos-vehicle-inventory/src/main/java/com/positivity/vehicle/internal/service/VehiclePreferencesServiceImpl.java,128,5min,Call transactional methods via an injected dependency instead of directly via 'this'.,no action - caller already holds an equivalent transaction (PR #1488 triage)
MAINTAINABILITY,HIGH,java:S6809,pos-workorder,pos-workorder/src/main/java/com/positivity/workorder/internal/service/FleetAuthorizationResourceReleaseRunner.java,86,5min,Call transactional methods via an injected dependency instead of directly via 'this'.,fixed - moved into collaborator bean (PR #1488)
MAINTAINABILITY,HIGH,java:S6809,pos-workorder,pos-workorder/src/main/java/com/positivity/workorder/internal/service/FleetAuthorizationService.java,80,5min,Call transactional methods via an injected dependency instead of directly via 'this'.,no action - caller already holds an equivalent transaction (PR #1488 triage)
