locationCode,name,bayType,maxConcurrentVehicles,maxDutyClass
CLT-MAIN-001,Bay 01,GENERAL_SERVICE,1,3
CLT-MAIN-001,Bay 02,ALIGNMENT,1,4
CLT-MAIN-001,Bay 03,TIRE_SERVICE,1,4
CLT-MAIN-001,Bay 04,INSPECTION,1,5
CLT-MAIN-001,Bay 05,GENERAL_SERVICE,1,3
CLT-MAIN-001,Bay 06,HEAVY_DUTY,1,8
CLT-MAIN-001,Bay 07,TIRE_SERVICE,1,4
CLT-MAIN-001,Bay 08,WASH_DETAIL,1,
CLT-NORTH-001,Bay 01,GENERAL_SERVICE,1,3
CLT-NORTH-001,Bay 02,TIRE_SERVICE,1,4
CLT-NORTH-001,Bay 03,INSPECTION,1,5
CLT-NORTH-001,Bay 04,ALIGNMENT,1,4
CLT-NORTH-001,Bay 05,GENERAL_SERVICE,1,3
CLT-NORTH-001,Bay 06,HEAVY_DUTY,1,8
CLT-SOUTH-001,Bay 01,GENERAL_SERVICE,1,3
CLT-SOUTH-001,Bay 02,ALIGNMENT,1,4
CLT-SOUTH-001,Bay 03,TIRE_SERVICE,1,4
CLT-SOUTH-001,Bay 04,INSPECTION,1,5
CLT-SOUTH-001,Bay 05,GENERAL_SERVICE,1,3
CLT-SOUTH-001,Bay 06,HEAVY_DUTY,1,8
CLT-SOUTH-001,Bay 07,WASH_DETAIL,1,
ATX-RIV-001,Bay 1,GENERAL_SERVICE,1,3
ATX-RIV-001,Bay 2,GENERAL_SERVICE,1,3
ATX-RIV-001,Bay 3,TIRE_SERVICE,1,4
