name,baseLocationCode,status,travelBufferPolicyName,capabilityCodes,maxDutyClass,outOfServiceReason,outOfServiceNote
MU-CLT-MAIN-01,CLT-MAIN-001,ACTIVE,Default 15m,OIL-CHANGE-FULL-SYNTHETIC;AIR-FILTER-REPLACEMENT;CABIN-AIR-FILTER-REPLACEMENT;WIPER-BLADE-REPLACEMENT;BRAKE-PAD-REPLACE-FRONT;BRAKE-PAD-REPLACE-REAR;BATTERY-REPLACEMENT;TIRE-INSTALL-SET-4;TIRE-REPAIR-PATCH-PLUG;TIRE-ROTATION;LUG-TORQUE-RECHECK;TPMS-SENSOR-SERVICE,3,,
MU-CLT-MAIN-02,CLT-MAIN-001,ACTIVE,Standard Suburban,SPARK-PLUG-REPLACEMENT;BATTERY-REPLACEMENT;COOLANT-SYSTEM-FLUSH,3,,
MU-CLT-MAIN-03,CLT-MAIN-001,OUT_OF_SERVICE,Default 15m,OIL-CHANGE-FULL-SYNTHETIC;AIR-FILTER-REPLACEMENT;CABIN-AIR-FILTER-REPLACEMENT;WIPER-BLADE-REPLACEMENT;FLEET-PM-A-SERVICE;FLEET-PM-B-SERVICE,5,SCHEDULED_MAINTENANCE,
MU-CLT-NORTH-01,CLT-NORTH-001,ACTIVE,Default 15m,OIL-CHANGE-FULL-SYNTHETIC;AIR-FILTER-REPLACEMENT;CABIN-AIR-FILTER-REPLACEMENT;WIPER-BLADE-REPLACEMENT;FLEET-PM-A-SERVICE;FLEET-PM-B-SERVICE;BATTERY-REPLACEMENT;TIRE-INSTALL-SET-4;TIRE-REPAIR-PATCH-PLUG;TIRE-ROTATION;LUG-TORQUE-RECHECK;TPMS-SENSOR-SERVICE,5,,
MU-CLT-NORTH-02,CLT-NORTH-001,ACTIVE,Extended Rural,BATTERY-REPLACEMENT;TIRE-INSTALL-SET-4;TIRE-REPAIR-PATCH-PLUG;TIRE-ROTATION;LUG-TORQUE-RECHECK;TPMS-SENSOR-SERVICE;COOLANT-SYSTEM-FLUSH,3,,
MU-CLT-SOUTH-01,CLT-SOUTH-001,ACTIVE,Default 15m,OIL-CHANGE-FULL-SYNTHETIC;AIR-FILTER-REPLACEMENT;CABIN-AIR-FILTER-REPLACEMENT;WIPER-BLADE-REPLACEMENT;BRAKE-PAD-REPLACE-FRONT;BRAKE-PAD-REPLACE-REAR;FLEET-PM-A-SERVICE;FLEET-PM-B-SERVICE,5,,
MU-CLT-SOUTH-02,CLT-SOUTH-001,ACTIVE,Standard Suburban,SPARK-PLUG-REPLACEMENT;BATTERY-REPLACEMENT,3,,
MU-Charlotte-01,CLT-MOB-HUB-001,ACTIVE,Standard Suburban,BATTERY-REPLACEMENT;TIRE-INSTALL-SET-4;TIRE-REPAIR-PATCH-PLUG;TIRE-ROTATION;LUG-TORQUE-RECHECK;TPMS-SENSOR-SERVICE;OIL-CHANGE-FULL-SYNTHETIC;AIR-FILTER-REPLACEMENT;CABIN-AIR-FILTER-REPLACEMENT;WIPER-BLADE-REPLACEMENT;FLEET-PM-A-SERVICE;FLEET-PM-B-SERVICE,5,,
MU-Charlotte-02,CLT-MOB-HUB-001,ACTIVE,Extended Rural,FLEET-TREAD-DEPTH-AUDIT,5,,
MU-ATX-RIV-01,ATX-RIV-001,ACTIVE,Default 15m,OIL-CHANGE-FULL-SYNTHETIC;AIR-FILTER-REPLACEMENT;CABIN-AIR-FILTER-REPLACEMENT;WIPER-BLADE-REPLACEMENT;BATTERY-REPLACEMENT;TIRE-ROTATION;TIRE-REPAIR-PATCH-PLUG;LUG-TORQUE-RECHECK;TPMS-SENSOR-SERVICE,3,,
MU-ATX-RIV-02,ATX-RIV-001,ACTIVE,Standard Suburban,BATTERY-REPLACEMENT;TIRE-INSTALL-SET-4;TIRE-REPAIR-PATCH-PLUG;TIRE-ROTATION;LUG-TORQUE-RECHECK;TPMS-SENSOR-SERVICE;BRAKE-PAD-REPLACE-FRONT;BRAKE-PAD-REPLACE-REAR,3,,
